,Coffee Department (Jul–Jun),USDA (Oct–Sep),FAOSTAT (calendar year),largest gap (%)
2010,3.1494,3.15,2.5286,24.5757
2011,2.7262,3.0,3.0962,13.5718
2012,3.5826,3.575,2.8173,27.1653
2013,3.4998,3.6,3.8375,9.6473
2014,3.4559,3.35,3.5256,5.2407
2015,3.3156,3.3,3.6556,10.7756
2016,4.6052,4.6,3.5097,31.211
2017,4.3056,4.3,4.7833,11.2394
2018,4.44,4.45,4.2028,5.8825
2019,5.36,5.35,4.6139,16.1691
2020,6.4989,6.514,5.4895,18.662
2021,5.859,5.85,6.7515,15.411
2022,5.7615,6.25,6.1691,8.4778
2023,6.1208,6.3,6.1467,2.9284
2024,7.7531,6.35,6.4335,22.0954
2025,8.3724,6.7,,24.9609
