Market_Year,Brazil,Vietnam,Colombia,Indonesia,Ethiopia,Uganda,India,Honduras,Peru,Mexico,Guatemala,Nicaragua,China,Tanzania,Cote d'Ivoire,Kenya,Rwanda,Madagascar,Cameroon,Congo (Kinshasa),Guinea,Burundi
1990,31.0,1.2,14.5,7.48,3.5,2.7,2.97,1.685,1.17,4.55,3.282,0.46,,0.763,3.3,1.455,0.619,1.1,1.45,1.695,0.125,0.517
1991,28.5,1.98,17.98,7.1,3.0,2.9,3.2,2.255,1.15,4.62,3.549,0.782,,0.79,3.967,1.505,0.55,1.15,1.92,1.5,0.125,0.562
1992,24.0,2.25,14.95,7.35,3.5,2.8,2.7,1.981,1.19,4.18,3.584,0.545,,0.992,2.5,1.217,0.65,1.0,0.837,1.79,0.1,0.607
1993,28.5,2.5,11.4,7.4,3.7,2.7,3.465,2.06,1.022,4.2,3.078,0.695,,0.736,2.7,1.23,0.443,0.442,0.682,0.98,0.064,0.394
1994,28.0,3.5,13.0,6.4,3.8,3.1,3.06,2.295,1.453,4.03,3.5,0.685,,0.68,3.733,1.584,0.022,0.642,0.403,1.298,0.198,0.664
1995,16.8,3.917,12.939,5.8,3.8,4.2,3.717,2.254,1.811,5.4,3.827,0.986,,0.897,2.9,1.81,0.33,0.785,0.663,1.099,0.104,0.434
1996,28.0,5.75,10.779,7.9,3.8,4.297,3.417,2.279,1.583,5.3,4.141,0.831,,0.765,5.333,1.138,0.293,0.849,1.432,0.794,0.148,0.401
1997,23.5,7.0,12.043,7.0,3.833,3.032,3.805,2.905,1.82,4.95,4.2,1.083,,0.624,4.08,1.028,0.194,0.623,0.889,0.8,0.172,0.297
1998,35.6,7.5,10.868,6.95,3.867,3.64,4.415,2.494,1.98,5.01,4.3,1.079,,0.739,2.217,1.148,0.222,0.992,1.114,0.644,0.421,0.357
1999,30.8,11.01,9.512,6.66,3.505,3.708,4.87,3.067,2.571,6.193,4.364,1.514,,0.842,5.7,1.685,0.308,0.427,1.37,0.477,0.382,0.507
2000,34.1,15.333,10.5,6.495,2.768,3.097,5.02,2.821,2.824,4.8,4.564,1.61,,0.809,5.1,0.864,0.273,0.366,1.113,0.362,0.368,0.446
2001,35.1,12.833,11.95,6.16,3.756,3.265,5.01,3.098,2.55,4.2,3.53,0.895,,0.624,3.568,0.869,0.296,0.147,0.686,0.42,0.236,0.261
2002,53.6,11.167,11.712,6.8,3.693,2.756,4.588,2.496,2.76,4.35,3.802,1.2,0.324,0.824,1.825,0.926,0.32,0.445,0.801,0.319,0.328,0.454
2003,33.2,15.0,11.053,7.25,3.875,2.745,4.508,2.968,2.87,4.3,3.671,1.547,0.386,0.612,2.689,0.847,0.266,0.435,0.9,0.35,0.366,0.338
2004,43.6,14.5,11.532,8.45,4.068,2.694,4.595,2.575,3.55,4.0,3.817,1.13,0.361,1.07,1.801,0.756,0.317,0.522,0.727,0.26,0.316,0.337
2005,36.1,16.335,11.953,9.45,4.5,2.175,4.57,3.204,2.42,4.2,3.715,1.718,0.365,0.61,2.062,0.805,0.34,0.592,0.85,0.236,0.525,0.285
2006,46.7,19.5,12.164,7.5,5.0,2.905,4.8,3.46,4.4,4.5,4.05,1.3,0.428,0.915,2.447,0.876,0.4,0.582,0.835,0.28,0.4,0.287
2007,39.1,18.0,12.515,8.0,5.0,3.49,4.365,3.642,2.8,4.35,4.11,1.85,0.433,0.74,2.098,0.75,0.23,0.555,0.695,0.315,0.25,0.209
2008,53.3,16.98,8.664,10.0,5.5,3.26,4.375,3.225,4.0,4.55,3.98,1.65,0.555,1.15,1.853,0.9,0.34,0.53,0.65,0.3,0.4,0.25
2009,44.8,18.5,8.1,10.5,6.0,2.87,4.825,3.55,3.3,4.15,4.01,1.925,1.173,0.6,2.35,0.9,0.24,0.475,0.59,0.305,0.445,0.3
2010,54.5,19.415,8.525,9.325,6.125,3.212,5.035,3.975,4.1,4.0,3.96,1.74,0.827,1.05,1.6,0.71,0.317,0.55,0.715,0.265,0.325,0.235
2011,49.2,26.0,7.655,7.97,6.32,3.075,5.23,5.6,5.2,4.3,4.41,2.1,1.09,0.565,1.6,0.75,0.245,0.55,0.735,0.255,0.425,0.21
2012,57.6,26.5,9.927,11.9,6.5,3.6,5.303,4.725,4.3,4.65,4.01,1.925,1.535,1.18,1.75,0.66,0.26,0.525,0.535,0.23,0.165,0.235
2013,57.2,29.833,12.075,11.9,6.345,3.85,5.075,4.4,4.25,3.95,3.515,2.0,1.947,0.8,1.675,0.85,0.25,0.55,0.425,0.24,0.05,0.185
2014,54.3,27.4,13.3,10.47,6.475,3.5,5.44,5.1,2.9,3.18,3.185,2.125,2.125,1.15,1.4,0.78,0.24,0.5,0.575,0.22,0.15,0.16
2015,49.4,28.93,14.0,12.1,6.51,3.55,5.8,5.3,3.5,2.3,3.295,2.125,1.925,1.1,1.6,0.75,0.3,0.255,0.625,0.22,0.28,0.24
2016,56.1,26.7,14.6,10.6,6.943,4.875,5.2,7.51,4.225,3.3,3.57,2.625,1.9,1.05,1.09,0.85,0.23,0.295,0.5,0.23,0.2,0.2
2017,52.1,29.3,13.825,10.4,7.055,4.6,5.266,7.6,4.375,4.0,3.78,2.73,1.925,1.15,1.25,0.72,0.275,0.25,0.425,0.25,0.19,0.205
2018,66.5,30.4,13.87,10.6,7.35,4.65,5.325,7.1,4.39,3.55,3.77,2.95,1.925,1.2,2.0,0.85,0.275,0.28,0.45,0.245,0.07,0.205
2019,60.5,31.3,14.1,10.7,7.475,5.475,4.967,5.2,3.925,3.7,3.645,2.755,2.0,1.2,1.775,0.75,0.35,0.325,0.475,0.255,0.145,0.265
2020,69.9,29.0,13.4,10.7,7.6,6.63,5.567,6.5,3.369,3.53,3.93,2.65,1.9,1.125,0.91,0.693,0.345,0.325,0.4,0.25,0.07,0.23
2021,58.1,31.58,11.8,10.58,8.15,6.05,5.7,4.8,4.2,3.74,3.54,2.838,1.8,1.2,1.11,0.86,0.27,0.3,0.275,0.27,0.3,0.165
2022,62.6,28.3,10.7,10.7,7.3,6.565,5.867,5.7,3.475,3.545,3.27,2.59,1.8,1.2,1.02,0.75,0.4,0.325,0.27,0.255,0.115,0.175
2023,66.3,27.55,12.76,8.15,9.13,6.4,6.56,5.05,3.912,3.856,3.469,2.347,1.8,1.35,1.325,0.825,0.28,0.3,0.215,0.225,0.26,0.14
2024,65.5,29.0,14.8,10.7,11.46,6.7,6.059,5.2,4.12,3.928,3.27,2.66,1.9,1.35,0.65,0.95,0.26,0.3,0.205,0.17,0.11,0.115
2025,63.0,31.7,12.5,12.37,11.56,7.095,6.43,5.53,4.764,4.08,3.155,2.56,1.9,1.45,1.3,0.85,0.35,0.3,0.225,0.16,0.075,0.14
