fy,total_bags,total_usd_m,robusta_bags,arabica_bags,source,usd_kg
1964/65,2158736.0,76.8203,,,annual table,0.5931
1965/66,2855621.0,106.127,,,annual table,0.6194
1966/67,2637862.0,146.5488,,,annual table,0.9259
1967/68,2967825.0,139.078,,,annual table,0.781
1968/69,2670201.0,162.4736,,,annual table,1.0141
1969/70,3193638.0,185.8744,,,annual table,0.97
1970/71,3032609.0,130.818,,,annual table,0.719
1971/72,3139559.0,145.4697,,,annual table,0.7722
1972/73,3677100.0,175.5492,,,annual table,0.7957
1973/74,3283183.0,228.519,,,annual table,1.16
1974/75,2861399.0,175.3371,,,annual table,1.0213
1975/76,2431524.0,245.2228,,,annual table,1.6809
1976/77,2449737.0,558.5126,,,annual table,3.7998
1977/78,1742575.0,312.0974,,,annual table,2.985
1978/79,2353031.0,389.1084,,,annual table,2.7561
1979/80,2219802.0,433.4717,,,annual table,3.2546
1980/81,1973458.0,230.4636,,,annual table,1.9464
1981/82,2785647.0,322.0303,,,annual table,1.9267
1982/83,2194888.0,295.2593,,,annual table,2.242
1983/84,2519024.0,392.6771,,,annual table,2.5981
1984/85,2500031.0,367.5911,,,annual table,2.4506
1985/86,2392198.0,390.3626,,,annual table,2.7197
1986/87,2280206.0,308.5947,,,annual table,2.2556
1987/88,2318341.0,263.2396,,,annual table,1.8924
1988/89,3114396.0,294.8679,,,annual table,1.578
1989/90,2364751.0,139.5667,,,annual table,0.9837
1990/91,2085004.0,121.3431,,,annual table,0.97
1991/92,2030829.0,101.4428,1884183.0,169034.0,annual table,0.8325
1992/93,2088642.0,108.874,1841510.0,247132.0,annual table,0.8688
1993/94,3005205.0,273.6588,2471960.0,533245.0,annual table,1.5177
1994/95,2792753.0,432.651,2284109.0,507644.0,annual table,2.582
1995/96,4148803.0,388.9162,3762347.0,386456.0,annual table,1.5624
1996/97,4237114.0,355.1266,3789013.0,448101.0,annual table,1.3969
1997/98,3032338.0,276.4761,2691878.0,340460.0,annual table,1.5196
1998/99,3647989.0,282.9955,3291540.0,356449.0,annual table,1.2929
1999/00,2917257.0,164.7638,2390682.0,526575.0,annual table,0.9413
2000/01,3074773.0,104.7764,2614862.0,459911.0,annual table,0.5679
2001/02,3146381.0,83.937,2716005.0,430376.0,annual table,0.4446
2002/03,2663888.0,104.7871,2239766.0,443386.0,annual table,0.6556
2003/04,2523042.0,115.7058,1979353.0,543689.0,annual table,0.7643
2004/05,2504890.0,162.0786,1988360.0,516530.0,annual table,1.0784
2005/06,2002324.0,170.3436,1408314.0,594010.0,annual table,1.4179
2006/07,2704236.0,256.5808,2144482.0,559754.0,annual table,1.5814
2007/08,3210603.0,388.3982,2713498.0,497105.0,annual table,2.0162
2008/09,3053688.0,291.7439,2405137.0,648551.0,annual table,1.5923
2009/10,2668971.0,266.6731,1957400.0,711571.0,annual table,1.6653
2010/11,3149423.0,448.8907,2484013.0,665410.0,annual table,2.3755
2011/12,2726249.0,392.6981,1904176.0,822073.0,annual table,2.4007
2012/13,3582629.0,432.6941,2781478.0,801151.0,annual table,2.0129
2013/14,3499829.0,393.9223,2735020.0,764809.0,annual table,1.8759
2014/15,3455852.0,410.5641,2722636.0,733216.0,annual table,1.98
2015/16,3315567.0,326.6763,2435160.0,880407.0,annual table,1.6421
2016/17,4605158.0,544.5876,3618631.0,986527.0,annual table,1.9709
2017/18,4305597.0,462.8289,3190306.0,1113815.0,annual table,1.7916
2018/19,4439968.0,433.9643,3472050.0,967918.0,annual table,1.629
2019/20,5359970.0,512.3334,4394629.0,965341.0,annual table,1.5931
2020/21,6498941.0,627.1848,5807447.0,691494.0,annual table,1.6084
2021/22,5858957.0,877.3824,4871280.0,987677.0,annual table,2.4958
2022/23,5761549.0,846.0183,4758052.0,1003497.0,FY2022/23 tables,2.4473
2023/24,6120761.0,1143.92,5304067.0,816694.0,monthly reports,3.1149
2024/25,7753058.0,2210.53,6899707.0,853353.0,monthly reports,4.752
2025/26,8372382.0,2191.46,7135801.0,1236029.0,monthly reports,4.3625
