,farmer_share_faq,kiboko_to_faq
1992,0.4193,0.5062
1993,0.4586,0.4902
1994,0.638,0.5097
1995,0.647,0.4807
1996,0.6218,0.4554
1997,0.7267,0.458
1998,0.6851,0.4666
1999,0.6488,0.4436
2000,0.6844,0.3841
2001,0.516,0.3778
2002,0.5785,0.4529
2003,0.7028,0.4966
2004,0.7637,0.4663
2005,0.7434,0.4435
2006,0.6942,0.455
2007,0.6442,0.5032
2008,0.6743,0.4663
2009,0.6569,0.4637
2010,0.7084,0.4989
2011,0.6755,0.4949
2012,0.6989,0.4658
2013,0.7189,0.475
2014,0.6989,0.46
2015,0.6765,0.5038
2016,,
2017,,
2018,,
2019,,
2020,0.7143,0.5004
2021,0.6769,0.4986
2022,0.7881,0.4018
2023,0.7716,0.4568
2024,0.7153,0.4947
2025,0.7793,0.4955
2026,0.8296,
