,faq_ugx,kiboko_ugx,parchment_ugx,robusta_usd_kg,arabica_usd_kg,ugx_per_usd,farmer_share_faq
1992-07,420.0,210.0,499.0,0.862,1.2864,1177.86,0.4137
1992-08,440.0,220.0,500.0,0.8599,1.1762,1185.29,0.4317
1992-09,400.0,215.0,502.0,0.9018,1.1392,1185.15,0.3743
1992-10,450.0,225.0,510.0,0.9012,1.1206,1181.07,0.4228
1992-11,500.0,250.0,550.0,0.9866,1.1577,1196.34,0.4236
1992-12,600.0,300.0,563.0,1.0997,1.6565,1213.93,0.4495
1993-01,600.0,300.0,606.0,1.0506,1.5833,1217.12,0.4692
1993-02,540.0,270.0,605.0,1.0315,1.4867,1217.09,0.4301
1993-03,560.0,280.0,605.0,1.0214,1.426,1217.52,0.4503
1993-04,540.0,270.0,607.0,0.9836,1.2878,1218.09,0.4507
1993-05,550.0,275.0,597.0,1.0119,1.3593,1213.27,0.448
1993-06,540.0,270.0,600.0,1.0294,1.3931,1199.09,0.4375
1993-07,600.0,300.0,608.0,1.0793,1.5538,1197.57,0.4642
1993-08,640.0,320.0,645.0,1.2736,1.6796,1196.65,0.4199
1993-09,700.0,350.0,700.0,1.3864,1.7884,1181.988,0.4272
1993-10,800.0,350.0,773.0,1.3011,1.6897,1170.837,0.5251
1993-11,650.0,325.0,775.0,1.3585,1.7469,1165.009,0.4107
1993-12,900.0,400.0,770.0,1.3761,1.82,1146.003,0.5707
1994-01,900.0,500.0,950.0,1.3209,1.7545,1112.71,0.6123
1994-02,1100.0,600.0,1200.0,1.3373,1.8342,1047.222,0.7855
1994-03,1200.0,650.0,1350.0,1.4294,1.9183,1079.223,0.7779
1994-04,1200.0,650.0,1450.0,1.5755,2.0048,1007.032,0.7563
1994-05,1200.0,700.0,1450.0,2.0156,2.5831,965.708,0.6165
1994-06,1300.0,650.0,1550.0,2.337,2.9401,962.59,0.5779
1994-07,1900.0,950.0,1600.0,3.3288,4.4403,967.065,0.5902
1994-08,2200.0,1100.0,1900.0,3.5233,4.3903,921.379,0.6777
1994-09,2150.0,1000.0,2000.0,3.9766,4.8211,920.792,0.5872
1994-10,1650.0,750.0,1800.0,3.8523,4.5705,919.781,0.4657
1994-11,1925.0,825.0,2100.0,3.5077,4.1473,920.138,0.5964
1994-12,1600.0,800.0,1900.0,2.8118,3.5773,929.75,0.612
1995-01,1700.0,850.0,1650.0,2.8436,3.7718,925.04,0.6463
1995-02,1800.0,900.0,1500.0,2.9489,3.6922,925.528,0.6595
1995-03,1750.0,800.0,1475.0,3.2167,3.9509,927.035,0.5869
1995-04,1700.0,775.0,1475.0,3.1919,3.8192,928.828,0.5734
1995-05,1750.0,825.0,1500.0,3.1496,3.8194,941.02,0.5905
1995-06,1800.0,900.0,1550.0,2.8785,3.4966,964.81,0.6481
1995-07,1900.0,950.0,1550.0,2.5587,3.093,968.93,0.7664
1995-08,1850.0,900.0,1435.0,2.8644,3.3288,970.03,0.6658
1995-09,1600.0,750.0,1435.0,2.5855,3.0234,977.7,0.633
1995-10,1680.0,725.0,1365.0,2.4821,2.8018,1043.38,0.6487
1995-11,1730.0,825.0,1265.0,2.4403,2.7615,1028.3,0.6894
1995-12,1380.0,718.0,1220.0,2.0563,2.345,1023.25,0.6558
1996-01,1350.0,600.0,1000.0,1.9543,2.3801,1017.72,0.6787
1996-02,1400.0,700.0,1300.0,2.1495,2.7509,1022.37,0.6371
1996-03,1450.0,700.0,1300.0,1.9999,2.6633,1016.6,0.7132
1996-04,1450.0,650.0,1325.0,1.9946,2.6871,1013.56,0.7172
1996-05,1350.0,600.0,1250.0,2.0129,2.8571,1018.0,0.6588
1996-06,1325.0,550.0,1300.0,1.8983,2.7564,1041.36,0.6703
1996-07,1200.0,500.0,1325.0,1.7251,2.7271,1055.44,0.6591
1996-08,1000.0,450.0,1250.0,1.7423,2.767,1067.44,0.5377
1996-09,1100.0,500.0,1300.0,1.6516,2.6414,1074.97,0.6196
1996-10,900.0,450.0,1150.0,1.6091,2.7288,1105.05,0.5062
1996-11,850.0,400.0,1100.0,1.546,2.7318,1081.48,0.5084
1996-12,800.0,350.0,1050.0,1.3981,2.5771,1030.35,0.5554
1997-01,1150.0,550.0,1350.0,1.4587,2.8932,1044.85,0.7545
1997-02,1400.0,650.0,1650.0,1.6623,3.6668,1033.111,0.8152
1997-03,1325.0,600.0,1550.0,1.7618,4.2639,1024.954,0.7338
1997-04,1400.0,700.0,1750.0,1.7083,4.5292,1046.4624,0.7831
1997-05,1750.0,800.0,2250.0,2.0285,5.8556,1065.298,0.8098
1997-06,1450.0,625.0,1850.0,1.9884,4.9992,1067.588,0.6831
1997-07,1500.0,600.0,2350.0,1.7749,4.1923,1068.023,0.7913
1997-08,1250.0,550.0,2150.0,1.6446,4.213,1098.168,0.6921
1997-09,1225.0,600.0,2100.0,1.6535,4.2078,1117.123,0.6632
1997-10,1250.0,550.0,2000.0,1.649,3.7291,1140.396,0.6647
1997-11,1300.0,600.0,2000.0,1.6712,3.5343,1147.189,0.6781
1997-12,1350.0,650.0,2050.0,1.8119,3.8973,1142.942,0.6519
1998-01,1600.0,725.0,2430.0,1.8321,3.9003,1148.0679,0.7607
1998-02,1650.0,750.0,2450.0,1.8413,3.9325,1152.522,0.7775
1998-03,1750.0,780.0,2675.0,1.8053,3.4919,1152.385,0.8412
1998-04,1765.0,860.0,2200.0,1.9573,3.3126,1174.507,0.7678
1998-05,1690.0,845.0,2150.0,2.0155,3.063,1223.476,0.6853
1998-06,1500.0,725.0,1890.0,1.8431,2.7924,1231.022,0.6611
1998-07,1400.0,650.0,1900.0,1.6958,2.5781,1235.018,0.6685
1998-08,1550.0,700.0,1800.0,1.743,2.7259,1244.374,0.7146
1998-09,1700.0,750.0,1750.0,1.7608,2.49,1284.843,0.7514
1998-10,1250.0,600.0,2100.0,1.773,2.4116,1314.185,0.5365
1998-11,1300.0,620.0,2150.0,1.7665,2.56,1353.82,0.5436
1998-12,1300.0,600.0,2150.0,1.8513,2.5806,1368.443,0.5131
1999-01,1420.0,630.0,2010.0,1.8235,2.5183,1369.2067,0.5687
1999-02,1425.0,650.0,1940.0,1.7543,2.3096,1377.346,0.5898
1999-03,1450.0,615.0,1780.0,1.6231,2.3178,1381.159,0.6468
1999-04,1600.0,625.0,1650.0,1.538,2.267,1449.73,0.7176
1999-05,1450.0,575.0,1650.0,1.5,2.4549,1518.967,0.6364
1999-06,1325.0,500.0,1450.0,1.4557,2.3836,1447.221,0.6289
1999-07,1250.0,575.0,1025.0,1.3615,2.1118,1454.5068,0.6312
1999-08,1395.0,710.0,1250.0,1.389,2.0172,1463.4009,0.6863
1999-09,1325.0,700.0,950.0,1.319,1.8634,1491.6686,0.6734
1999-10,1350.0,625.0,950.0,1.289,2.045,1507.8043,0.6946
1999-11,1400.0,625.0,1550.0,1.3788,2.4791,1503.5427,0.6753
1999-12,1400.0,600.0,1600.0,1.4641,2.7153,1502.471,0.6364
2000-01,1350.0,525.0,1700.0,1.192,2.4659,1525.751,0.7423
2000-02,1400.0,600.0,1700.0,1.08,2.2937,1519.426,0.8532
2000-03,1250.0,400.0,1750.0,1.0198,2.219,1513.676,0.8098
2000-04,950.0,350.0,1650.0,0.9824,2.0867,1525.862,0.6338
2000-05,1100.0,350.0,1425.0,0.9643,2.0174,1579.668,0.7221
2000-06,950.0,375.0,1400.0,0.944,1.9157,1565.566,0.6428
2000-07,950.0,425.0,1300.0,0.9095,1.9325,1596.415,0.6543
2000-08,950.0,375.0,1300.0,0.8442,1.7483,1676.3,0.6713
2000-09,950.0,425.0,1300.0,0.8555,1.6719,1770.5067,0.6272
2000-10,975.0,300.0,1300.0,0.8001,1.6924,1826.594,0.6671
2000-11,790.0,300.0,1300.0,0.7274,1.5739,1850.262,0.587
2000-12,725.0,300.0,1500.0,0.6752,1.4529,1783.673,0.602
2001-01,750.0,325.0,1350.0,0.7162,1.4474,1830.4358,0.5721
2001-02,,,,0.6943,1.4832,,
2001-03,765.0,325.0,1300.0,0.6758,1.4697,1753.7855,0.6455
2001-04,,,,0.6301,1.455,,
2001-05,,,,0.6505,1.5351,,
2001-06,,,,0.6425,1.4076,,
2001-07,550.0,200.0,900.0,0.6066,1.2994,1725.742,0.5254
2001-08,500.0,150.0,950.0,0.5722,1.308,1750.61,0.4992
2001-09,450.0,150.0,950.0,0.5395,1.2846,1752.897,0.4758
2001-10,450.0,165.0,850.0,0.5123,1.2427,1737.687,0.5055
2001-11,400.0,165.0,800.0,0.522,1.2974,1736.215,0.4414
2001-12,425.0,165.0,850.0,0.536,1.2475,1713.412,0.4628
2002-01,415.0,190.0,850.0,0.5031,1.284,1738.74,0.4744
2002-02,450.0,240.0,1100.0,0.5372,1.3033,1741.4375,0.481
2002-03,680.0,200.0,1200.0,0.6371,1.4125,1771.0326,0.6026
2002-04,710.0,325.0,1100.0,0.6472,1.4404,1792.1898,0.6121
2002-05,710.0,330.0,1100.0,0.6247,1.355,1797.5916,0.6322
2002-06,690.0,310.0,1015.0,0.6266,1.2909,1797.173,0.6128
2002-07,595.0,300.0,965.0,0.6305,1.2451,1802.8322,0.5234
2002-08,640.0,255.0,1075.0,0.6146,1.1985,1805.827,0.5766
2002-09,612.0,300.0,1040.0,0.7057,1.3375,1812.644,0.4784
2002-10,675.0,280.0,1200.0,0.7333,1.4491,1827.1975,0.5037
2002-11,1025.0,525.0,1200.0,0.8357,1.5403,1832.319,0.6694
2002-12,1200.0,550.0,1250.0,0.8386,1.4034,1845.007,0.7756
2003-01,1250.0,600.0,1175.0,0.9051,1.4415,1867.686,0.7395
2003-02,1035.0,530.0,1225.0,0.8965,1.4641,1883.783,0.6128
2003-03,1180.0,600.0,1150.0,0.8196,1.3613,1944.445,0.7405
2003-04,1200.0,600.0,1200.0,0.8251,1.4262,1976.5308,0.7358
2003-05,1200.0,575.0,1250.0,0.8322,1.4572,1997.85,0.7218
2003-06,1000.0,500.0,1250.0,0.7508,1.3458,1998.231,0.6666
2003-07,,,,0.7793,1.3878,,
2003-08,,,,0.7993,1.4086,,
2003-09,,,,0.8225,1.4641,,
2003-10,,,,0.7911,1.4172,,
2003-11,,,,0.752,1.373,,
2003-12,,,,0.7929,1.4305,,
2004-01,1350.0,600.0,1600.0,0.8711,1.588,1938.16,0.7996
2004-02,1100.0,500.0,1400.0,0.8174,1.6805,1865.06,0.7215
2004-03,1200.0,600.0,1600.0,0.809,1.7209,1926.65,0.7699
2004-04,,,,0.8028,1.6653,,
2004-05,,,,0.8089,1.7073,,
2004-06,,,,0.8791,1.8125,,
2004-07,,,,0.7928,1.6528,,
2004-08,,,,0.7478,1.6228,,
2004-09,,,,0.7549,1.774,,
2004-10,,,,0.6982,1.7758,,
2004-11,,,,0.7207,1.9901,,
2004-12,,,,0.8142,2.3014,,
2005-01,1025.0,450.0,2000.0,0.8148,2.3626,1732.01,0.7263
2005-02,1150.0,525.0,2050.0,0.9091,2.6639,1711.07,0.7393
2005-03,1425.0,620.0,2100.0,1.089,2.9713,1711.23,0.7647
2005-04,,,,1.1189,2.8556,,
2005-05,,,,1.2389,2.8307,,
2005-06,,,,1.3233,2.671,,
2005-07,,,,1.2761,2.4235,,
2005-08,,,,1.1458,2.3855,,
2005-09,,,,1.0334,2.1934,,
2005-10,,,,1.0493,2.317,,
2005-11,,,,1.1343,2.3753,,
2005-12,,,,1.2433,2.3352,,
2006-01,2075.0,1000.0,2600.0,1.3975,2.7381,1819.12,0.8162
2006-02,1900.0,900.0,2450.0,1.3884,2.6262,1815.84,0.7536
2006-03,1775.0,675.0,2200.0,1.314,2.5058,1820.0,0.7422
2006-04,,,,1.3339,2.5428,1755.439,
2006-05,,,,1.326,2.4169,1741.3797,
2006-06,1900.0,850.0,2100.0,1.3278,2.2741,1859.95,0.7693
2006-07,1750.0,700.0,2100.0,1.4219,2.3148,1857.72,0.6625
2006-08,2000.0,850.0,2150.0,1.6224,2.4632,1847.74,0.6672
2006-09,1850.0,850.0,2150.0,1.6997,2.4213,1854.68,0.5869
2006-10,2100.0,1025.0,2250.0,1.6571,2.439,1843.43,0.6874
2006-11,1850.0,950.0,2250.0,1.6929,2.6955,1818.85,0.6008
2006-12,1975.0,950.0,2150.0,1.6968,2.8298,1775.33,0.6556
2007-01,2000.0,1025.0,2250.0,1.7462,2.749,1792.28,0.639
2007-02,2100.0,1000.0,2400.0,1.7433,2.6903,1751.68,0.6877
2007-03,2050.0,1000.0,2450.0,1.6974,2.5812,1750.68,0.6899
2007-04,1900.0,850.0,2270.0,1.7529,2.5286,1728.89,0.6269
2007-05,1900.0,900.0,2250.0,1.85,2.4984,1695.15,0.6059
2007-06,2000.0,1000.0,2400.0,2.0433,2.6307,1643.57,0.5955
2007-07,2400.0,1200.0,2500.0,2.0395,2.5934,1652.87,0.7119
2007-08,2100.0,1100.0,2500.0,1.9277,2.715,1737.43,0.627
2007-09,2100.0,1100.0,2700.0,2.0455,2.8229,1762.83,0.5824
2007-10,2200.0,1200.0,2500.0,2.0056,2.9606,1747.17,0.6278
2007-11,2200.0,1250.0,2700.0,2.0418,2.8891,1707.73,0.631
2007-12,2500.0,1200.0,2700.0,2.0269,3.0433,1747.17,0.7059
2008-01,2450.0,1250.0,2525.0,2.1818,3.0826,1710.59,0.6565
2008-02,3000.0,1530.0,3000.0,2.5452,3.4676,1707.34,0.6904
2008-03,2950.0,1275.0,3050.0,2.6846,3.2897,1683.74,0.6526
2008-04,2800.0,1375.0,2900.0,2.4534,3.102,1686.68,0.6766
2008-05,2635.0,1275.0,2800.0,2.3994,3.1315,1647.68,0.6665
2008-06,2825.0,1375.0,2900.0,2.4546,3.222,1600.74,0.719
2008-07,2810.0,1300.0,2700.0,2.5404,3.2487,1633.94,0.677
2008-08,2850.0,1350.0,2800.0,2.4841,3.2282,1623.62,0.7066
2008-09,2775.0,1275.0,2700.0,2.3232,3.1585,1645.01,0.7261
2008-10,2300.0,975.0,2600.0,1.957,2.7246,1838.66,0.6392
2008-11,2300.0,1025.0,2600.0,2.001,2.6871,1910.13,0.6018
2008-12,2400.0,1000.0,2600.0,1.8055,2.6189,1956.19,0.6795
2009-01,2500.0,1180.0,2445.0,1.8188,2.8177,1975.97,0.6956
2009-02,2400.0,1350.0,2500.0,1.7685,2.8546,1965.45,0.6905
2009-03,2400.0,1000.0,2300.0,1.6823,2.8334,2059.21,0.6928
2009-04,2300.0,1050.0,2700.0,1.669,2.978,2175.61,0.6334
2009-05,2300.0,1100.0,2600.0,1.6661,3.3178,2247.68,0.6142
2009-06,1950.0,950.0,2500.0,1.6265,3.3021,2137.18,0.561
2009-07,1950.0,950.0,2500.0,1.5802,3.1063,2110.77,0.5846
2009-08,2200.0,900.0,2500.0,1.5951,3.3017,2071.67,0.6658
2009-09,2200.0,800.0,2900.0,1.6275,3.2741,1961.9,0.689
2009-10,2225.0,1050.0,2800.0,1.6205,3.4077,1898.28,0.7233
2009-11,2000.0,1000.0,3300.0,1.5318,3.3557,1873.78,0.6968
2009-12,1850.0,850.0,3250.0,1.5346,3.4821,1896.64,0.6356
2010-01,2200.0,1150.0,3700.0,1.5419,3.4978,1935.63,0.7371
2010-02,2200.0,1150.0,3500.0,1.4966,3.4801,1996.54,0.7363
2010-03,2100.0,1100.0,3500.0,1.4825,3.6267,2086.37,0.6789
2010-04,2100.0,950.0,3350.0,1.5793,3.7344,2083.0,0.6384
2010-05,2450.0,1200.0,3600.0,1.5592,3.8221,2147.6,0.7317
2010-06,2800.0,1400.0,3650.0,1.6958,4.2087,2257.44,0.7314
2010-07,2900.0,1500.0,5000.0,1.8799,4.4801,2257.29,0.6834
2010-08,3000.0,1500.0,4500.0,1.8231,4.6648,2230.94,0.7376
2010-09,2800.0,1300.0,4500.0,1.7919,4.91,2251.3,0.6941
2010-10,2900.0,1450.0,4500.0,1.8766,4.7937,2264.84,0.6823
2010-11,3000.0,1500.0,4900.0,2.028,5.1481,2288.87,0.6463
2010-12,3750.0,1850.0,5750.0,2.0737,5.4993,2251.3,0.8032
2011-01,3850.0,1950.0,6200.0,2.2287,5.815,2333.14,0.7404
2011-02,3700.0,1800.0,6750.0,2.4108,6.3579,2340.91,0.6556
2011-03,3400.0,1500.0,10000.0,2.6043,6.439,2393.31,0.5455
2011-04,3850.0,1900.0,8850.0,2.5882,6.6244,2367.59,0.6283
2011-05,4300.0,2000.0,9500.0,2.6893,6.4169,2387.7,0.6697
2011-06,4650.0,1900.0,8500.0,2.6004,6.0623,2461.01,0.7266
2011-07,4250.0,2250.0,8500.0,2.4853,5.9089,2587.23,0.661
2011-08,4350.0,2250.0,8000.0,2.4706,5.9622,2753.23,0.6395
2011-09,4350.0,2250.0,8000.0,2.3382,6.0601,2814.02,0.6611
2011-10,4250.0,2250.0,9000.0,2.1628,5.4636,2805.32,0.7005
2011-11,4050.0,2100.0,7500.0,2.1438,5.4032,2582.18,0.7316
2011-12,4000.0,2100.0,7000.0,2.1772,5.2095,2461.19,0.7465
2012-01,4000.0,1900.0,7000.0,2.1323,5.2295,2414.19,0.777
2012-02,4000.0,1900.0,6500.0,2.2483,4.9418,2327.97,0.7642
2012-03,3300.0,1500.0,5250.0,2.2833,4.4369,2485.02,0.5816
2012-04,3200.0,1600.0,5250.0,2.2442,4.2207,2506.21,0.5689
2012-05,4000.0,1500.0,5300.0,2.3609,4.0645,2479.05,0.6834
2012-06,4000.0,1500.0,5300.0,2.3302,3.7189,2484.36,0.691
2012-07,4200.0,1750.0,4500.0,2.3603,4.1986,2474.47,0.7191
2012-08,4000.0,2000.0,4700.0,2.3484,3.8542,2492.04,0.6835
2012-09,4250.0,2000.0,4400.0,2.3137,3.9458,2515.88,0.7301
2012-10,4200.0,2150.0,4400.0,2.3031,3.821,2579.43,0.707
2012-11,4250.0,2250.0,4400.0,2.1533,3.5253,2622.95,0.7525
2012-12,4150.0,2100.0,4750.0,2.1296,3.3666,2673.48,0.7289
2013-01,4100.0,1800.0,4500.0,2.195,3.4621,2683.79,0.696
2013-02,4300.0,2000.0,4300.0,2.2935,3.295,2657.55,0.7055
2013-03,4450.0,2250.0,4250.0,2.3385,3.3027,2636.9,0.7217
2013-04,4400.0,2230.0,4300.0,2.2415,3.3022,2578.01,0.7614
2013-05,4150.0,2250.0,4400.0,2.1864,3.2449,2586.11,0.7339
2013-06,4000.0,1900.0,4400.0,2.0015,3.0481,2593.08,0.7707
2013-07,3850.0,1900.0,4250.0,2.099,3.0509,2588.9,0.7085
2013-08,3800.0,1900.0,4000.0,2.0726,2.9796,2578.87,0.711
2013-09,3800.0,1900.0,4000.0,1.9351,2.9163,2568.86,0.7644
2013-10,3150.0,1400.0,3200.0,1.8452,2.8373,2534.39,0.6736
2013-11,3200.0,1400.0,3250.0,1.7572,2.69,2523.0,0.7218
2013-12,3200.0,1250.0,3150.0,1.9339,2.772,2512.14,0.6587
2014-01,3270.0,1400.0,3300.0,1.9332,2.9215,2499.9,0.6766
2014-02,3650.0,1550.0,4450.0,2.1142,3.8282,2471.96,0.6984
2014-03,3900.0,1600.0,6250.0,2.323,4.7198,2534.2,0.6625
2014-04,4000.0,1700.0,6450.0,2.3275,4.9272,2529.8,0.6793
2014-05,3700.0,1350.0,6300.0,2.2704,4.7224,2532.4,0.6435
2014-06,3900.0,1600.0,6050.0,2.1806,4.3627,2580.96,0.693
2014-07,4250.0,2150.0,6150.0,2.244,4.3408,2633.5,0.7192
2014-08,4200.0,2100.0,6000.0,2.2102,4.6951,2612.5,0.7274
2014-09,4450.0,2350.0,6150.0,2.2161,4.6413,2618.8,0.7668
2014-10,4550.0,2350.0,7400.0,2.3082,4.9667,2680.51,0.7354
2014-11,4250.0,2150.0,6750.0,2.272,4.6159,2734.2,0.6841
2014-12,4200.0,2100.0,6250.0,2.1668,4.2634,2768.8,0.7001
2015-01,4150.0,2100.0,6050.0,2.158,4.1805,2860.7,0.6722
2015-02,4000.0,2100.0,5750.0,2.1685,3.9438,2868.58,0.643
2015-03,3900.0,1900.0,5750.0,2.0318,3.5436,2951.74,0.6503
2015-04,4150.0,2100.0,6250.0,2.0292,3.6155,2995.6,0.6827
2015-05,4320.0,2200.0,5600.0,1.9303,3.4939,3007.6,0.7441
2015-06,4500.0,2250.0,5750.0,1.9896,3.522,3199.9,0.7068
2015-07,4350.0,2200.0,5850.0,1.9207,3.405,3360.09,0.674
2015-08,4500.0,2200.0,6250.0,1.891,3.4596,3548.25,0.6706
2015-09,4250.0,2150.0,5750.0,1.7967,3.222,3667.5,0.645
2015-10,,,,1.825,3.3786,3681.5694,
2015-11,,,,1.8021,3.2624,3451.3067,
2015-12,,,,1.7477,3.2763,3403.6983,
2016-01,,,,1.6518,3.2063,3466.3333,
2016-02,,,,1.6323,3.2562,3402.7778,
2016-03,,,,1.6684,3.4752,3352.4783,
2016-04,,,,1.7676,3.3999,3333.3333,
2016-05,,,,1.8504,3.4214,3333.3333,
2016-06,,,,1.8947,3.6476,3333.3333,
2016-07,,,,2.0021,3.7867,3361.3445,
2016-08,,,,2.0235,3.6936,3373.5669,
2016-09,,,,2.1359,3.8866,3375.2637,
2016-10,,,,2.285,3.9453,3448.2759,
2016-11,,,,2.2866,4.059,3548.3871,
2016-12,,,,2.2455,3.5667,3605.0805,
2017-01,,,,2.388,3.7173,3599.6351,
2017-02,,,,2.3477,3.6674,3571.4286,
2017-03,,,,2.3531,3.5307,3585.8593,
2017-04,,,,2.2875,3.4298,3608.6596,
2017-05,,,,2.1684,3.3069,3624.1611,
2017-06,,,,2.2471,3.1575,3571.4286,
2017-07,,,,2.3135,3.3026,3594.7712,
2017-08,,,,2.3042,3.3042,3593.6167,
2017-09,,,,2.1866,3.2311,3587.2002,
2017-10,,,,2.1692,3.1021,3642.5061,
2017-11,,,,2.0134,3.1064,3630.8921,
2017-12,,,,1.9305,3.0271,3606.8966,
2018-01,,,,1.9535,3.0617,3625.9715,
2018-02,,,,1.9666,3.0045,3623.1884,
2018-03,,,,1.9432,2.9749,3658.5366,
2018-04,,,,1.9468,2.9617,3684.2105,
2018-05,,,,1.9564,2.9897,3703.7037,
2018-06,,,,1.8975,2.9549,3846.1538,
2018-07,,,,1.8611,2.8792,3682.7341,
2018-08,,,,1.78,2.7604,3763.0134,
2018-09,,,,1.6909,2.6716,3807.1339,
2018-10,,,,1.8809,3.0279,3780.4878,
2018-11,,,,1.8412,3.0227,3732.3529,
2018-12,,,,1.7094,2.8012,3684.2105,
2019-01,,,,1.724,2.8298,3700.0,
2019-02,,,,1.734,2.8319,3658.5366,
2019-03,,,,1.6966,2.7313,3703.7037,
2019-04,,,,1.6151,2.6674,3723.4043,
2019-05,,,,1.5679,2.6577,3759.3985,
2019-06,,,,1.6313,2.8599,3740.2911,
2019-07,,,,1.6298,2.9866,3680.9816,
2019-08,,,,1.5611,2.784,3684.2105,
2019-09,,,,1.5574,2.8416,3664.8471,
2019-10,,,,1.5131,2.801,3690.8757,
2019-11,,,,1.6155,3.1081,3684.2105,
2019-12,,,,1.6162,3.4398,3667.0728,
2020-01,4300.0,2150.0,5500.0,1.5561,3.1512,3684.2105,0.75
2020-02,4000.0,2150.0,5750.0,1.5006,2.9873,3662.7907,0.7277
2020-03,4000.0,2000.0,5400.0,1.4872,3.2701,3748.0357,0.7176
2020-04,3900.0,1900.0,5400.0,1.4115,3.409,3750.0,0.7368
2020-05,4000.0,1900.0,4750.0,1.4228,3.3051,3773.5849,0.745
2020-06,3850.0,1850.0,4500.0,1.4246,3.12,3714.2857,0.7276
2020-07,3900.0,1900.0,4900.0,1.4922,3.236,3689.3277,0.7084
2020-08,4100.0,2100.0,4900.0,1.6014,3.5951,3658.5366,0.6998
2020-09,4100.0,2100.0,4900.0,1.6044,3.6721,3700.0,0.6907
2020-10,4000.0,2000.0,5400.0,1.507,3.3523,3703.7037,0.7166
2020-11,3900.0,2000.0,5250.0,1.5958,3.3229,3694.6646,0.6615
2020-12,4000.0,2000.0,5300.0,1.5861,3.4823,3655.6961,0.6898
2021-01,4000.0,1900.0,5300.0,1.5612,3.5455,3703.1579,0.6919
2021-02,4000.0,1900.0,5300.0,1.6176,3.6691,3653.641,0.6768
2021-03,4000.0,2000.0,5400.0,1.6283,3.6828,3658.5366,0.6714
2021-04,4300.0,2250.0,5700.0,1.6417,3.7181,3618.4211,0.7239
2021-05,4350.0,2250.0,6750.0,1.7567,4.1108,3526.481,0.7022
2021-06,4350.0,2250.0,6650.0,1.8723,4.2343,3522.549,0.6596
2021-07,4870.0,2250.0,6900.0,2.0743,4.5085,3534.8837,0.6642
2021-08,5150.0,2650.0,8000.0,2.0919,4.7716,3533.1797,0.6968
2021-09,5150.0,2650.0,8250.0,2.3058,4.9722,3523.4899,0.6339
2021-10,5200.0,2650.0,8750.0,2.3216,5.3148,3610.1426,0.6204
2021-11,5750.0,2750.0,10250.0,2.4126,5.7095,3523.7321,0.6764
2021-12,6250.0,3100.0,12000.0,2.4794,5.9156,3570.6897,0.706
2022-01,7000.0,3100.0,12000.0,2.4187,5.9763,3521.1268,0.8219
2022-02,6750.0,2950.0,11500.0,2.4124,6.1693,3508.7719,0.7974
2022-03,6550.0,2750.0,10500.0,2.2911,5.7098,3581.0811,0.7983
2022-04,6550.0,2750.0,10500.0,2.2919,5.851,3517.4576,0.8125
2022-05,6450.0,2600.0,10500.0,2.2742,5.7419,3620.0,0.7835
2022-06,6450.0,2600.0,10500.0,2.2894,6.0354,3752.3265,0.7508
2022-07,6250.0,2250.0,10500.0,2.2144,5.6418,3765.0602,0.7496
2022-08,7050.0,2700.0,11500.0,2.4182,5.919,3753.1973,0.7768
2022-09,7050.0,2700.0,11500.0,2.455,5.8972,3804.3478,0.7548
2022-10,6550.0,2600.0,10500.0,2.271,5.2929,3828.7938,0.7533
2022-11,6400.0,2400.0,9500.0,2.0414,4.7117,3746.281,0.8369
2022-12,6150.0,2450.0,9500.0,2.0378,4.6383,3676.4706,0.8209
2023-01,5900.0,2200.0,8500.0,2.116,4.5583,3666.6667,0.7604
2023-02,6450.0,2450.0,9000.0,2.292,5.0597,3658.5366,0.7692
2023-03,6750.0,2500.0,8850.0,2.3476,4.9089,3733.3333,0.7701
2023-04,7050.0,2900.0,9150.0,2.5482,5.0696,3730.7692,0.7416
2023-05,7750.0,3750.0,9250.0,2.7018,4.8528,3717.782,0.7715
2023-06,8250.0,4250.0,10500.0,2.9129,4.5721,3686.9576,0.7682
2023-07,8000.0,4000.0,10250.0,2.8127,4.2658,3661.6162,0.7768
2023-08,8000.0,4000.0,10250.0,2.7416,4.1082,3720.2381,0.7844
2023-09,7900.0,4000.0,9250.0,2.7313,4.0474,3723.4043,0.7768
2023-10,7650.0,3900.0,9250.0,2.6199,4.0554,3750.0,0.7787
2023-11,8000.0,3750.0,9500.0,2.7067,4.3527,3768.2171,0.7843
2023-12,8750.0,4050.0,10250.0,2.9849,4.6365,3770.119,0.7775
2024-01,9750.0,4250.0,10500.0,3.2656,4.4948,3802.7379,0.7851
2024-02,10500.0,5250.0,11500.0,3.3781,4.6029,3867.2316,0.8037
2024-03,10750.0,5100.0,11500.0,3.6561,4.6057,3875.969,0.7586
2024-04,12250.0,5750.0,12750.0,4.2698,5.2881,3801.6129,0.7547
2024-05,10500.0,5400.0,11500.0,4.1107,5.1223,3763.4839,0.6787
2024-06,12250.0,5650.0,12750.0,4.5046,5.4764,3703.7037,0.7342
2024-07,12000.0,5900.0,12750.0,4.7298,5.668,3703.7037,0.685
2024-08,12500.0,6250.0,12750.0,4.7332,5.7637,3736.9208,0.7067
2024-09,12750.0,6750.0,12750.0,5.3454,6.1456,3708.715,0.6431
2024-10,12500.0,6500.0,12500.0,4.892,6.1019,3671.4286,0.696
2024-11,12500.0,6500.0,12500.0,4.9853,6.7231,3671.6418,0.6829
2024-12,12500.0,6500.0,12500.0,5.2387,7.5865,3645.8333,0.6545
2025-01,13000.0,7000.0,13250.0,5.4,7.8029,3694.0285,0.6517
2025-02,15500.0,7750.0,14500.0,5.7991,9.0283,3676.4706,0.727
2025-03,15250.0,7600.0,15000.0,5.681,8.9113,3664.9215,0.7325
2025-04,14500.0,7200.0,14800.0,5.4355,8.6622,3669.7248,0.7269
2025-05,13500.0,6250.0,14000.0,5.2316,8.7653,3652.8729,0.7064
2025-06,11500.0,5750.0,14000.0,4.3258,8.0064,3604.0541,0.7376
2025-07,10250.0,5250.0,13750.0,3.6854,6.9826,3584.5871,0.7759
2025-08,13500.0,6500.0,14500.0,4.3841,8.062,3560.2205,0.8649
2025-09,13500.0,6500.0,14500.0,4.6483,8.8086,3504.6729,0.8287
2025-10,14500.0,7000.0,16500.0,4.7413,8.9021,3448.2759,0.8869
2025-11,13700.0,6800.0,16500.0,4.7361,9.0319,3571.4286,0.8099
2025-12,13500.0,,16750.0,4.194,8.3868,3562.3529,0.9036
2026-01,12500.0,,16500.0,4.2392,8.0228,3549.1228,0.8308
2026-02,12250.0,,15500.0,3.9594,7.0846,3541.0714,0.8737
2026-03,12000.0,,15000.0,3.897,7.3659,3771.4807,0.8165
2026-04,11750.0,,15750.0,3.6298,7.3022,3696.2702,0.8758
2026-05,11250.0,,15250.0,3.671,6.9459,3757.7677,0.8155
2026-06,11500.0,,15000.0,3.7344,6.7864,3712.3288,0.8295
2026-07,11500.0,,15000.0,4.0836,7.9182,3678.1513,0.7656
2026-08,12000.0,,15500.0,,,3714.9579,
