month,total_bags,total_usd_m,robusta_bags,robusta_usd_m,arabica_bags,arabica_usd_m,kiboko_ugx,faq_ugx,parchment_ugx,drugar_ugx,notes,source_file
2020-01,469951.0,48.19,377182.0,34.51,92769.0,13.68,2150.0,4300.0,5500.0,5200.0,,January 2020_0.pdf
2020-02,472994.0,46.73,388646.0,34.63,84348.0,12.1,2150.0,4000.0,5750.0,5200.0,,February 2020.pdf
2020-03,477561.0,45.87,385978.0,33.09,91583.0,12.78,2000.0,4000.0,5400.0,5000.0,,March 2020_0.pdf
2020-04,359973.0,36.93,262676.0,22.55,97297.0,14.38,1900.0,3900.0,5400.0,5000.0,,April 2020.pdf
2020-05,437597.0,42.48,340830.0,29.54,96767.0,12.94,1900.0,4000.0,4750.0,4250.0,,May 2020.pdf
2020-06,420373.0,39.99,344438.0,29.13,75935.0,10.86,1850.0,3850.0,4500.0,4250.0,,June 2020.pdf
2020-07,543251.0,49.78,467160.0,39.99,76091.0,9.98,1900.0,3900.0,4900.0,4250.0,,July 2020.pdf
2020-08,519683.0,46.06,457897.0,38.16,61786.0,7.9,2100.0,4100.0,4900.0,4250.0,,August 2020_0.pdf
2020-09,506470.0,44.64,,,,,2100.0,4100.0,4900.0,4250.0,,September 2020.pdf
2020-10,428015.0,38.61,,,,,2000.0,4000.0,5400.0,5000.0,,October 2020.pdf
2020-11,430324.0,38.61,372211.0,30.55,58113.0,7.74,2000.0,3900.0,5250.0,5000.0,"farm-gate sentence prints the FAQ price (3,900) beside Kiboko (2,000); assigned by hand",November 2020_0.pdf
2020-12,422922.0,37.78,375209.0,30.87,47713.0,6.92,2000.0,4000.0,5300.0,5250.0,,December 2020.pdf
2021-01,446560.0,39.73,398160.0,32.71,48400.0,7.02,1900.0,4000.0,5300.0,5150.0,,January 2021_1.pdf
2021-02,563763.0,50.55,500685.0,40.96,62078.0,9.59,1900.0,4000.0,5300.0,5150.0,,February 2021.pdf
2021-03,572839.0,53.52,494223.0,41.03,78616.0,12.49,2000.0,4000.0,5400.0,5150.0,,March 2021.pdf
2021-04,537538.0,50.02,464544.0,39.08,72994.0,10.94,2250.0,4300.0,5700.0,5250.0,,April 2021.pdf
2021-05,494050.0,47.16,429374.0,37.52,64676.0,9.63,2250.0,4350.0,6750.0,5750.0,,May 2021.pdf
2021-06,618388.0,58.56,565449.0,50.25,52939.0,8.31,2250.0,4350.0,6650.0,5750.0,,June 2021.pdf
2021-07,700035.0,69.93,660458.0,62.89,39577.0,7.040000000000006,2250.0,4870.0,6900.0,6250.0,arabica bags 52939 in the summary text differ from the grade table; table value 39577 used; arabica usd_m 8.31 out of line with nearby prices; set to total minus the other type (7.04),July 2021_0.pdf
2021-08,700990.0,75.09,636458.0,65.24,64532.0,9.85,2650.0,5150.0,8000.0,7250.0,"arabica_bags read as 64.532, scaled to 64532",August 2021.pdf
2021-09,585576.0,66.62,543279.0,59.93,42297.0,6.69,2650.0,5150.0,8250.0,7250.0,,September 2021.pdf
2021-10,486534.0,61.43,426148.0,49.47,60386.0,11.96,2650.0,5200.0,8750.0,8250.0,,October 2021_0.pdf
2021-11,524902.0,71.09,436417.0,51.42,88485.0,19.67,2750.0,5750.0,10250.0,9750.0,,November 2021.pdf
2021-12,536889.0,75.25,452588.0,55.26,84301.0,19.99,3100.0,6250.0,12000.0,10500.0,robusta bags 45255 out of line with nearby prices; set to total minus the other type (452588),December 2021.pdf
2022-01,402212.0,61.98,315265.0,40.07,86947.0,21.91,3100.0,7000.0,12000.0,10500.0,,January 2022.pdf
2022-02,448957.0,72.17,351944.0,45.9,97013.0,26.27,2950.0,6750.0,11500.0,9500.0,,February 2022_0.pdf
2022-03,478023.0,80.99,360229.0,48.94,117798.0,32.05,2750.0,6550.0,10500.0,9500.0,,March 2022.pdf
2022-04,407762.0,70.85,277244.0,37.24,130518.0,33.61,2750.0,6550.0,10500.0,9500.0,,April 2022.pdf
2022-05,455166.0,73.01,350312.0,47.31,104854.0,25.71,2600.0,6450.0,10500.0,9500.0,,May 2022_0.pdf
2022-06,530365.0,83.79,444197.0,60.98,86168.0,22.82,2600.0,6450.0,10500.0,9500.0,,June 2022.pdf
2022-07,576468.0,83.52,528235.0,71.53,48233.0,11.99,2250.0,6250.0,10500.0,9500.0,,July 2022.pdf
2022-08,501054.0,71.15,456271.0,60.26,44783.0,10.89,2700.0,7050.0,11500.0,10500.0,,August 2022.pdf
2022-09,503695.0,71.22,464118.0,62.19,39577.0,9.03,2700.0,7050.0,11500.0,10500.0,,September 2022.pdf
2022-10,457244.0,67.1,398592.0,53.25,58652.0,13.85,2600.0,6550.0,10500.0,9500.0,,October 2022.pdf
2022-11,447162.0,64.14,364875.0,45.38,82287.0,18.76,2400.0,6400.0,9500.0,8500.0,,November 2022.pdf
2022-12,418829.0,59.54,331476.0,40.55,87353.0,18.99,2450.0,6150.0,9500.0,8500.0,,December 2022.pdf
2023-01,494226.0,67.35,412282.0,49.57,81944.0,17.78,2200.0,5900.0,8500.0,7500.0,,January 2023.pdf
2023-02,478646.0,66.03,373559.0,44.75,105087.0,21.27,2450.0,6450.0,9000.0,8000.0,,February 2023.pdf
2023-03,487797.0,71.54,365613.0,46.1,122184.0,25.44,2500.0,6750.0,8850.0,7750.0,arabica bags 112184 in the summary text differ from the grade table; table value 122184 used,March 2023_0.pdf
2023-04,373610.0,59.99,238636.0,31.5,134974.0,28.49,2900.0,7050.0,9150.0,8050.000000000001,"drugar_ugx read as 8.05, scaled to 8050",April 2023.pdf
2023-05,453169.0,73.26,328151.0,45.63,125018.0,27.63,3750.0,7750.0,9250.0,8250.0,"drugar_ugx read as 8.25, scaled to 8250",May 2023_0.pdf
2023-06,563832.0,90.56,489597.0,73.88,74235.0,16.68,4250.0,8250.0,10500.0,9750.0,,June  2023.pdf
2023-07,645832.0,104.99,586871.0,92.59,58961.0,12.4,4000.0,8000.0,10250.0,9250.0,,July  2023.pdf
2023-08,743517.0,121.63,689261.0,111.41,54256.0,10.22,4000.0,8000.0,10250.0,9250.0,,August 2023_0.pdf
2023-09,577073.0,94.39,543361.0,88.09,33712.0,6.29,4000.0,7900.0,9250.0,8250.0,,September  2023.pdf
2023-10,470080.0,78.96,410113.0,66.87,59967.0,12.1,3900.0,7650.0,9250.0,8250.0,,October 2023.pdf
2023-11,425526.0,70.68,338329.0,53.12,87197.0,17.57,3750.0,8000.0,9500.0,8500.0,"kiboko_ugx read as 3.75, scaled to 3750",November 2023.pdf
2023-12,401336.0,65.94,337026.0,52.84,64310.0,13.1,4050.0,8750.0,10250.0,9250.0,,December 2023.pdf
2024-01,481586.0,85.57,403508.0,68.17,78078.0,17.4,4250.0,9750.0,10500.0,9750.0,,January 2024.pdf
2024-02,434582.0,82.56,372407.0,68.58,62175.0,13.98,5250.0,10500.0,11500.0,10500.0,,February 2024.pdf
2024-03,329686.0,64.74,244975.0,46.01,84711.0,18.72,5100.0,10750.0,11500.0,10500.0,,March 2024.pdf
2024-04,390977.0,84.8,290037.0,61.49,100940.0,23.31,5750.0,12250.0,12750.0,11750.0,,April 2024.pdf
2024-05,553529.0,127.3,473693.0,107.92,79836.0,19.38,5400.0,10500.0,11500.0,10500.0,,May 2024.pdf
2024-06,667037.0,162.36,614486.0,149.95,52551.0,12.42,5650.0,12250.0,12750.0,11500.0,,June 2024_0.pdf
2024-07,821593.0,210.48,772444.0,198.0,49149.0,12.48,5900.0,12000.0,12750.0,11000.0,robusta bags 722444 in the summary text differ from the grade table; table value 772444 used,July 2024.pdf
2024-08,837915.0,221.63,785667.0,208.14,52248.0,13.49,6250.0,12500.0,12750.0,11500.0,,11_August  2024 Report.ppt_Final.pdf
2024-09,532212.0,144.7,504576.0,137.19,27636.0,7.51,6750.0,12750.0,12750.0,11500.0,,September 2024.pdf
2024-10,496820.0,139.05,457853.0,127.46,38967.0,11.59,6500.0,12500.0,12500.0,11500.0,,October 2024.pdf
2024-11,400536.0,108.91,342982.0,91.66,57554.0,17.25,6500.0,12500.0,12500.0,11500.0,,November 2024.pdf
2024-12,413079.0,115.03,365853.0,99.91,47226.0,15.12,6500.0,12500.0,12500.0,11500.0,robusta bags derived as total minus arabica; robusta usd_m derived as total minus arabica,December 2024.pdf
2025-01,550341.0,156.5,485999.0,135.67,64342.0,20.83,7000.0,13000.0,13250.0,13000.0,,04-January 2025 Report (1).Final_.pdf
2025-02,555756.0,167.68,466691.0,135.32,89065.0,32.36,7750.0,15500.0,14500.0,13250.0,,05-February 2025 Report (1)_Final.pdfI_.pdf
2025-03,642981.0,198.62,525220.0,155.53,117761.0,43.09,7600.0,15250.0,15000.0,14500.0,,06-March 2025 Report (1)_ppt (1).pdf
2025-04,694318.0,214.38,594188.0,177.08,100130.0,37.3,7200.0,14500.0,14800.0,14000.0,,07-April 2025 Report pptx(1).pptxii.pdf
2025-05,793445.0,243.95,691176.0,203.5,102269.0,40.45,6250.0,13500.0,14000.0,13750.0,,08-May 2025 Report pptx(1).pptx_II.pdf
2025-06,1014062.0,289.6,907058.0,248.57,107006.0,41.03,5750.0,11500.0,14000.0,13500.0,robusta value (248.57) printed beside the arabica bag count; assigned by hand,09-June 2025 Report pptx(1).pdf
2025-07,997105.0,250.6,914448.0,220.54,82105.0,30.06,5250.0,10250.0,13750.0,12500.0,,10-July 2025 Report pptx..pdfI_.pdf
2025-08,855441.0,202.75,797363.0,180.8,58078.0,22.0,6500.0,13500.0,14500.0,13500.0,,11-August 2025 Report pptx(1) (1) (1).pdf
2025-09,844949.0,218.6,771704.0,190.1,73245.0,28.5,6500.0,13500.0,14500.0,13500.0,robusta usd_m derived as total minus arabica,12-September 2025 Report pptx(1) (1) (1).pdf
2025-10,685720.0,185.56,597925.0,151.51,87795.0,34.04,7000.0,14500.0,16500.0,16500.0,,October 2025 Report.pdf
2025-11,640328.0,185.99,510091.0,131.16000000000003,130237.0,54.83,6800.0,13700.0,16500.0,16500.0,robusta usd_m derived as total minus arabica,02-November 2025 Report pptx(1) (1).pdf
2025-12,502582.0,149.87,367627.0,94.64,134955.0,55.23,,13500.0,16750.0,16500.0,,03-December 2025 Report pptx.pdf
2026-01,569454.0,161.0,447599.0,111.04,121855.0,49.96,,12500.0,16500.0,16500.0,"arabica_bags read as 121.855, scaled to 121855",04-January 2026 Report pptx (1)_Final.pdf
2026-02,651933.0,180.98,512237.0,124.66,139696.0,56.32,,12250.0,15500.0,14500.0,,05-February 2026 Report pptx.pptx_final.pdf
2026-03,671152.0,173.37,567405.0,134.0,103747.0,39.36,,12000.0,15000.0,14500.0,,06-March 2026 Report pptx(1)_Final.pdf
2026-04,591687.0,155.54,463361.0,107.71,128326.0,47.83,,11750.0,15750.0,14500.0,,07-April 2026 Report pptx(1) (1).pdf
2026-05,617491.0,151.7,517825.0,116.1,99666.0,35.6,,11250.0,15250.0,14500.0,,08 May 2026 Report pptx(1)(1).pptx_ii.pdf
2026-06,744540.0,175.5,668216.0,147.3,76324.0,28.2,,11500.0,15000.0,14500.0,,Monthly Report for June 2026 .pdf
2026-07,846376.0,204.1,775148.0,177.9,71228.0,26.1,,11500.0,15000.0,14500.0,,10 July 2026 Report draft(2)(1)(1).pdf
2026-08,737766.0,181.7,680945.0,161.1,56821.0,20.66,,12000.0,15500.0,14750.0,,11 August 2026 Report dpptx (1).pdf
