zone,year,tmean,tmax,tmin,rain
"Arabica, Mt Elgon",1990,16.875,22.853,11.264,1656.821
"Arabica, Mt Elgon",1991,16.908,22.962,11.33,1641.179
"Arabica, Mt Elgon",1992,16.953,23.128,11.32,1346.109
"Arabica, Mt Elgon",1993,17.068,23.378,11.26,1254.138
"Arabica, Mt Elgon",1994,16.999,23.221,11.345,1515.201
"Arabica, Mt Elgon",1995,17.085,23.32,11.452,1521.653
"Arabica, Mt Elgon",1996,16.877,23.054,11.209,1564.953
"Arabica, Mt Elgon",1997,17.232,23.625,11.458,1520.866
"Arabica, Mt Elgon",1998,17.29,23.396,11.8,1531.88
"Arabica, Mt Elgon",1999,16.767,22.986,11.052,1574.432
"Arabica, Mt Elgon",2000,17.079,23.417,11.149,1407.826
"Arabica, Mt Elgon",2001,16.692,23.028,10.938,1709.482
"Arabica, Mt Elgon",2002,17.313,23.697,11.633,1455.191
"Arabica, Mt Elgon",2003,17.344,23.866,11.363,1554.772
"Arabica, Mt Elgon",2004,17.12,23.379,11.538,1383.085
"Arabica, Mt Elgon",2005,17.472,24.118,11.287,1354.197
"Arabica, Mt Elgon",2006,17.005,23.33,11.431,1832.236
"Arabica, Mt Elgon",2007,16.963,23.254,11.306,1769.708
"Arabica, Mt Elgon",2008,17.06,23.508,11.327,1593.593
"Arabica, Mt Elgon",2009,17.635,23.952,11.778,1435.87
"Arabica, Mt Elgon",2010,17.179,23.548,11.717,1828.985
"Arabica, Mt Elgon",2011,17.091,23.648,11.243,1807.499
"Arabica, Mt Elgon",2012,17.078,23.402,11.213,1945.553
"Arabica, Mt Elgon",2013,17.137,23.541,11.561,1828.572
"Arabica, Mt Elgon",2014,17.223,23.635,11.475,1589.936
"Arabica, Mt Elgon",2015,17.696,23.989,11.854,1674.682
"Arabica, Mt Elgon",2016,17.861,24.044,11.894,1431.338
"Arabica, Mt Elgon",2017,17.758,24.304,11.779,1832.619
"Arabica, Mt Elgon",2018,17.284,23.404,11.649,1774.446
"Arabica, Mt Elgon",2019,17.686,24.083,12.031,2009.686
"Arabica, Mt Elgon",2020,17.145,22.987,11.848,2338.059
"Arabica, Mt Elgon",2021,17.618,23.767,11.77,1559.955
"Arabica, Mt Elgon",2022,17.435,23.762,11.536,1660.865
"Arabica, Mt Elgon",2023,17.804,24.249,12.066,1541.756
"Arabica, Mt Elgon",2024,17.858,24.053,12.398,1803.55
"Arabica, Mt Elgon",2025,17.673,24.132,12.002,1830.282
"Arabica, Rwenzori",1990,17.628,24.253,12.249,1427.752
"Arabica, Rwenzori",1991,17.498,24.039,12.246,1262.08
"Arabica, Rwenzori",1992,17.624,24.13,12.322,1221.941
"Arabica, Rwenzori",1993,17.667,24.185,12.336,1441.461
"Arabica, Rwenzori",1994,17.559,24.084,12.248,1343.991
"Arabica, Rwenzori",1995,17.662,24.293,12.173,1301.766
"Arabica, Rwenzori",1996,17.494,24.004,12.105,1639.628
"Arabica, Rwenzori",1997,17.775,24.486,12.47,1472.838
"Arabica, Rwenzori",1998,18.148,24.715,12.768,1282.588
"Arabica, Rwenzori",1999,17.443,24.08,11.995,1448.309
"Arabica, Rwenzori",2000,17.607,24.343,12.115,1409.833
"Arabica, Rwenzori",2001,17.478,24.168,11.966,1565.405
"Arabica, Rwenzori",2002,17.907,24.591,12.377,1227.292
"Arabica, Rwenzori",2003,18.011,24.921,12.444,1256.207
"Arabica, Rwenzori",2004,18.056,24.929,12.536,1360.176
"Arabica, Rwenzori",2005,18.261,25.223,12.448,1316.587
"Arabica, Rwenzori",2006,17.853,24.696,12.364,1359.496
"Arabica, Rwenzori",2007,17.801,24.45,12.377,1367.628
"Arabica, Rwenzori",2008,17.64,24.3,12.12,1274.127
"Arabica, Rwenzori",2009,18.104,25.03,12.551,1307.584
"Arabica, Rwenzori",2010,18.121,25.026,12.768,1616.551
"Arabica, Rwenzori",2011,17.788,24.716,12.138,1518.015
"Arabica, Rwenzori",2012,17.919,24.86,12.255,1708.094
"Arabica, Rwenzori",2013,17.97,24.889,12.472,1518.255
"Arabica, Rwenzori",2014,18.137,24.984,12.515,1385.387
"Arabica, Rwenzori",2015,18.393,25.233,12.903,1436.484
"Arabica, Rwenzori",2016,18.61,25.337,12.871,1394.085
"Arabica, Rwenzori",2017,18.327,25.044,12.684,1334.004
"Arabica, Rwenzori",2018,17.981,24.702,12.433,1581.37
"Arabica, Rwenzori",2019,18.313,25.105,12.886,1373.945
"Arabica, Rwenzori",2020,17.893,24.687,12.517,1461.731
"Arabica, Rwenzori",2021,18.027,24.627,12.621,1405.484
"Arabica, Rwenzori",2022,17.69,24.22,12.247,1403.851
"Arabica, Rwenzori",2023,17.919,24.635,12.464,1287.537
"Arabica, Rwenzori",2024,18.294,24.967,12.883,1426.86
"Arabica, Rwenzori",2025,18.037,24.792,12.593,1423.781
"Robusta, Busoga",1990,21.728,27.767,17.204,1344.292
"Robusta, Busoga",1991,21.713,27.838,17.297,1400.529
"Robusta, Busoga",1992,21.785,28.066,17.273,1386.042
"Robusta, Busoga",1993,21.986,28.221,17.359,1275.189
"Robusta, Busoga",1994,21.805,28.135,17.254,1287.731
"Robusta, Busoga",1995,21.991,28.155,17.461,1334.014
"Robusta, Busoga",1996,21.775,27.902,17.122,1442.033
"Robusta, Busoga",1997,22.117,28.537,17.112,1365.65
"Robusta, Busoga",1998,22.377,28.642,17.704,1212.89
"Robusta, Busoga",1999,21.764,28.269,16.872,1365.511
"Robusta, Busoga",2000,21.937,28.456,17.056,1322.056
"Robusta, Busoga",2001,21.693,28.15,17.053,1458.03
"Robusta, Busoga",2002,22.144,28.438,17.431,1352.76
"Robusta, Busoga",2003,22.247,29.011,17.254,1364.342
"Robusta, Busoga",2004,22.239,28.74,17.408,1182.439
"Robusta, Busoga",2005,22.536,29.533,17.408,1111.685
"Robusta, Busoga",2006,22.112,28.575,17.359,1514.942
"Robusta, Busoga",2007,22.124,28.664,17.345,1494.183
"Robusta, Busoga",2008,21.967,28.607,17.091,1261.546
"Robusta, Busoga",2009,22.397,29.024,17.425,1134.431
"Robusta, Busoga",2010,22.283,28.971,17.654,1417.45
"Robusta, Busoga",2011,22.034,28.871,17.218,1458.219
"Robusta, Busoga",2012,22.295,29.102,17.084,1574.351
"Robusta, Busoga",2013,22.279,28.974,17.431,1267.671
"Robusta, Busoga",2014,22.526,29.215,17.503,1463.371
"Robusta, Busoga",2015,22.783,29.635,17.595,1619.161
"Robusta, Busoga",2016,23.068,29.608,17.799,1232.628
"Robusta, Busoga",2017,22.928,29.683,17.849,1471.569
"Robusta, Busoga",2018,22.349,28.748,17.432,1520.511
"Robusta, Busoga",2019,22.611,29.132,17.842,1911.112
"Robusta, Busoga",2020,22.305,28.438,17.645,2042.801
"Robusta, Busoga",2021,22.511,28.742,17.339,1276.369
"Robusta, Busoga",2022,22.396,29.052,17.347,1518.38
"Robusta, Busoga",2023,22.754,29.508,17.719,1548.104
"Robusta, Busoga",2024,23.083,29.582,18.293,1565.847
"Robusta, Busoga",2025,22.989,29.857,17.81,1392.239
"Robusta, Central",1990,20.899,27.408,15.682,1196.201
"Robusta, Central",1991,20.925,27.387,15.963,1202.525
"Robusta, Central",1992,21.065,27.655,15.87,1120.44
"Robusta, Central",1993,21.139,27.789,15.873,1113.301
"Robusta, Central",1994,21.03,27.651,15.866,1253.943
"Robusta, Central",1995,21.213,27.69,15.963,1223.483
"Robusta, Central",1996,20.983,27.481,15.808,1337.759
"Robusta, Central",1997,21.36,28.213,15.928,1448.16
"Robusta, Central",1998,21.601,28.093,16.249,1204.575
"Robusta, Central",1999,20.914,27.64,15.42,1291.567
"Robusta, Central",2000,21.12,27.987,15.601,1240.739
"Robusta, Central",2001,20.966,27.692,15.574,1388.671
"Robusta, Central",2002,21.409,28.187,16.002,1266.291
"Robusta, Central",2003,21.714,29.026,16.002,1275.77
"Robusta, Central",2004,21.698,28.682,16.154,1143.034
"Robusta, Central",2005,21.927,29.296,16.005,1087.408
"Robusta, Central",2006,21.504,28.445,15.972,1221.273
"Robusta, Central",2007,21.634,28.664,16.05,1201.056
"Robusta, Central",2008,21.372,28.598,15.789,1145.898
"Robusta, Central",2009,21.94,29.046,16.336,1017.25
"Robusta, Central",2010,21.551,28.592,16.29,1272.404
"Robusta, Central",2011,21.433,28.618,15.954,1325.204
"Robusta, Central",2012,21.743,29.062,15.96,1419.836
"Robusta, Central",2013,21.812,29.124,16.14,1113.553
"Robusta, Central",2014,22.034,29.291,16.24,1208.834
"Robusta, Central",2015,22.291,29.678,16.5,1279.391
"Robusta, Central",2016,22.636,29.717,16.586,1190.959
"Robusta, Central",2017,22.31,29.533,16.559,1211.9
"Robusta, Central",2018,21.746,28.673,16.209,1371.241
"Robusta, Central",2019,22.024,28.916,16.655,1510.192
"Robusta, Central",2020,21.778,28.573,16.349,1475.486
"Robusta, Central",2021,22.189,29.217,16.198,1171.716
"Robusta, Central",2022,22.109,29.596,16.273,1339.943
"Robusta, Central",2023,22.306,29.679,16.618,1252.118
"Robusta, Central",2024,22.768,29.918,17.094,1168.02
"Robusta, Central",2025,22.567,30.181,16.6,1153.722
"Robusta, Greater Masaka",1990,20.608,26.63,15.382,1017.378
"Robusta, Greater Masaka",1991,20.519,26.454,15.471,1054.857
"Robusta, Greater Masaka",1992,20.625,26.761,15.515,934.957
"Robusta, Greater Masaka",1993,20.594,26.637,15.371,967.71
"Robusta, Greater Masaka",1994,20.495,26.602,15.438,1213.308
"Robusta, Greater Masaka",1995,20.721,26.766,15.281,1180.37
"Robusta, Greater Masaka",1996,20.628,26.738,15.283,1229.196
"Robusta, Greater Masaka",1997,20.904,27.173,15.518,1321.361
"Robusta, Greater Masaka",1998,21.188,27.192,16.001,1097.34
"Robusta, Greater Masaka",1999,20.537,26.836,15.003,1135.211
"Robusta, Greater Masaka",2000,20.754,27.282,15.124,1028.157
"Robusta, Greater Masaka",2001,20.588,26.762,15.2,1132.675
"Robusta, Greater Masaka",2002,20.991,27.247,15.557,1104.943
"Robusta, Greater Masaka",2003,21.377,28.258,15.467,1016.713
"Robusta, Greater Masaka",2004,21.401,28.059,15.791,1004.376
"Robusta, Greater Masaka",2005,21.406,28.148,15.59,940.0
"Robusta, Greater Masaka",2006,21.186,27.737,15.606,1136.103
"Robusta, Greater Masaka",2007,21.096,27.773,15.543,1097.26
"Robusta, Greater Masaka",2008,20.984,27.703,15.314,1026.688
"Robusta, Greater Masaka",2009,21.46,28.157,15.863,1006.173
"Robusta, Greater Masaka",2010,21.163,27.649,15.619,1095.009
"Robusta, Greater Masaka",2011,20.892,27.527,15.448,1219.424
"Robusta, Greater Masaka",2012,21.095,27.705,15.464,1342.256
"Robusta, Greater Masaka",2013,21.187,27.888,15.589,1085.702
"Robusta, Greater Masaka",2014,21.317,28.014,15.654,1132.644
"Robusta, Greater Masaka",2015,21.698,28.655,16.102,1102.436
"Robusta, Greater Masaka",2016,21.932,28.411,16.122,1048.236
"Robusta, Greater Masaka",2017,21.658,28.376,16.021,1198.272
"Robusta, Greater Masaka",2018,21.205,27.525,15.796,1212.629
"Robusta, Greater Masaka",2019,21.497,28.08,16.158,1447.74
"Robusta, Greater Masaka",2020,21.405,27.798,16.068,1484.05
"Robusta, Greater Masaka",2021,21.606,28.231,15.789,1094.553
"Robusta, Greater Masaka",2022,21.59,28.623,15.694,1242.919
"Robusta, Greater Masaka",2023,21.777,28.581,15.919,1140.234
"Robusta, Greater Masaka",2024,22.303,29.086,16.453,1149.757
"Robusta, Greater Masaka",2025,22.127,29.216,16.202,1134.448
"Robusta, South-west",1990,20.682,27.655,14.503,951.525
"Robusta, South-west",1991,20.508,27.276,14.498,943.559
"Robusta, South-west",1992,20.705,27.63,14.532,879.215
"Robusta, South-west",1993,20.77,27.868,14.604,988.372
"Robusta, South-west",1994,20.61,27.691,14.562,1005.631
"Robusta, South-west",1995,20.825,27.825,14.391,996.066
"Robusta, South-west",1996,20.662,27.742,14.365,1145.927
"Robusta, South-west",1997,20.875,28.135,14.611,1117.097
"Robusta, South-west",1998,21.132,28.024,15.073,988.794
"Robusta, South-west",1999,20.577,27.863,14.091,940.706
"Robusta, South-west",2000,20.834,28.222,14.354,1019.604
"Robusta, South-west",2001,20.636,27.969,14.291,1183.552
"Robusta, South-west",2002,21.082,28.19,14.643,942.722
"Robusta, South-west",2003,21.539,29.321,14.844,933.624
"Robusta, South-west",2004,21.656,29.143,15.118,975.032
"Robusta, South-west",2005,21.664,29.377,14.851,938.638
"Robusta, South-west",2006,21.323,28.82,14.762,1047.057
"Robusta, South-west",2007,21.146,28.56,14.857,1000.385
"Robusta, South-west",2008,20.994,28.535,14.429,933.746
"Robusta, South-west",2009,21.581,29.162,15.042,904.855
"Robusta, South-west",2010,21.268,28.718,14.949,1118.565
"Robusta, South-west",2011,20.946,28.536,14.527,1180.276
"Robusta, South-west",2012,21.202,28.772,14.806,1241.368
"Robusta, South-west",2013,21.35,29.014,14.933,1037.644
"Robusta, South-west",2014,21.61,29.191,15.105,963.921
"Robusta, South-west",2015,21.829,29.428,15.271,968.974
"Robusta, South-west",2016,22.105,29.516,15.454,948.312
"Robusta, South-west",2017,21.766,29.282,15.282,972.547
"Robusta, South-west",2018,21.209,28.446,14.792,1159.816
"Robusta, South-west",2019,21.724,29.093,15.473,1023.947
"Robusta, South-west",2020,21.532,28.91,15.347,1090.719
"Robusta, South-west",2021,21.774,29.322,15.305,984.623
"Robusta, South-west",2022,21.382,28.854,14.862,1067.935
"Robusta, South-west",2023,21.738,29.262,15.328,997.147
"Robusta, South-west",2024,22.343,29.969,15.757,993.693
"Robusta, South-west",2025,22.079,29.968,15.376,1003.42
