date,robusta_usc_lb,arabica_usc_lb
1992-01-01,48.81636363636364,73.03181818181818
1992-02-01,43.5925,69.298
1992-03-01,42.50954545454545,69.89363636363636
1992-04-01,41.91409090909091,66.52227272727274
1992-05-01,38.14761904761905,60.79666666666667
1992-06-01,37.19045454545455,59.44818181818182
1992-07-01,39.09782608695652,58.34913043478261
1992-08-01,39.00285714285714,53.35380952380952
1992-09-01,40.905,51.67318181818182
1992-10-01,40.88,50.83
1992-11-01,44.75047619047619,52.51285714285714
1992-12-01,49.88086956521739,75.13913043478261
1993-01-01,47.65666666666667,71.81904761904762
1993-02-01,46.788,67.4365
1993-03-01,46.33086956521739,64.68130434782609
1993-04-01,44.615,58.41454545454545
1993-05-01,45.89952380952381,61.65904761904762
1993-06-01,46.69454545454545,63.19045454545455
1993-07-01,48.95590909090909,70.47909090909091
1993-08-01,57.77,76.18727272727273
1993-09-01,62.88772727272727,81.12181818181818
1993-10-01,59.01809523809524,76.64333333333333
1993-11-01,61.62045454545455,79.23863636363636
1993-12-01,62.41913043478261,82.55260869565217
1994-01-01,59.91619047619048,79.58238095238094
1994-02-01,60.6575,83.2
1994-03-01,64.83826086956522,87.01478260869565
1994-04-01,71.4652380952381,90.93761904761904
1994-05-01,91.42818181818184,117.1663636363636
1994-06-01,106.00454545454548,133.3613636363636
1994-07-01,150.9914285714286,201.41
1994-08-01,159.8152173913043,199.1395652173913
1994-09-01,180.3768181818182,218.68045454545447
1994-10-01,174.7385714285714,207.3138095238095
1994-11-01,159.1054545454545,188.1163636363636
1994-12-01,127.5431818181818,162.265
1995-01-01,128.9827272727273,171.0881818181818
1995-02-01,133.759,167.475
1995-03-01,145.9052173913043,179.2108695652174
1995-04-01,144.7815,173.237
1995-05-01,142.8634782608696,173.245652173913
1995-06-01,130.56727272727267,158.6031818181818
1995-07-01,116.0595238095238,140.2966666666667
1995-08-01,129.9269565217391,150.9917391304348
1995-09-01,117.2742857142857,137.1380952380952
1995-10-01,112.58772727272732,127.0859090909091
1995-11-01,110.6909090909091,125.26045454545448
1995-12-01,93.27380952380952,106.3680952380952
1996-01-01,88.64739130434783,107.9617391304348
1996-02-01,97.5004761904762,124.7804761904762
1996-03-01,90.71333333333332,120.807619047619
1996-04-01,90.47590909090908,121.8831818181818
1996-05-01,91.30391304347826,129.595652173913
1996-06-01,86.1045,125.03
1996-07-01,78.24739130434783,123.7008695652174
1996-08-01,79.02772727272728,125.50772727272728
1996-09-01,74.91380952380952,119.812380952381
1996-10-01,72.98695652173913,123.77695652173908
1996-11-01,70.1247619047619,123.9138095238095
1996-12-01,63.415,116.8936363636364
1997-01-01,66.16478260869565,131.2339130434783
1997-02-01,75.402,166.3255
1997-03-01,79.91238095238096,193.4080952380952
1997-04-01,77.48681818181818,205.44090909090912
1997-05-01,92.01227272727272,265.6059090909091
1997-06-01,90.19285714285714,226.7609523809524
1997-07-01,80.51,190.1582608695652
1997-08-01,74.59761904761905,191.0990476190476
1997-09-01,75.00318181818182,190.86454545454552
1997-10-01,74.79739130434783,169.1491304347826
1997-11-01,75.8055,160.3115
1997-12-01,82.1886956521739,176.7795652173913
1998-01-01,83.105,176.9136363636364
1998-02-01,83.522,178.374
1998-03-01,81.88863636363637,158.39
1998-04-01,88.78272727272727,150.255
1998-05-01,91.42142857142856,138.937619047619
1998-06-01,83.60363636363635,126.6631818181818
1998-07-01,76.9213043478261,116.9413043478261
1998-08-01,79.06190476190476,123.6471428571429
1998-09-01,79.86772727272727,112.9440909090909
1998-10-01,80.42227272727273,109.3872727272727
1998-11-01,80.12761904761905,116.1219047619048
1998-12-01,83.97347826086957,117.0560869565217
1999-01-01,82.71142857142857,114.227619047619
1999-02-01,79.5725,104.762
1999-03-01,73.62347826086958,105.1321739130435
1999-04-01,69.76409090909091,102.8286363636364
1999-05-01,68.03714285714285,111.3547619047619
1999-06-01,66.03090909090909,108.11727272727272
1999-07-01,61.75590909090909,95.7918181818182
1999-08-01,63.00590909090909,91.49954545454544
1999-09-01,59.82863636363636,84.52409090909092
1999-10-01,58.46857142857143,92.75904761904762
1999-11-01,62.54272727272727,112.45090909090908
1999-12-01,66.4095652173913,123.1652173913043
2000-01-01,54.06857142857143,111.8514285714286
2000-02-01,48.98714285714286,104.0414285714286
2000-03-01,46.25521739130435,100.6526086956522
2000-04-01,44.561,94.65
2000-05-01,43.74217391304348,91.50608695652174
2000-06-01,42.81954545454545,86.8940909090909
2000-07-01,41.25428571428571,87.65619047619047
2000-08-01,38.29130434782609,79.30391304347826
2000-09-01,38.80380952380952,75.8352380952381
2000-10-01,36.29272727272727,76.76454545454546
2000-11-01,32.99409090909091,71.39045454545455
2000-12-01,30.62809523809524,65.90333333333334
2001-01-01,32.48739130434783,65.65260869565218
2001-02-01,31.4915,67.2755
2001-03-01,30.65181818181818,66.6659090909091
2001-04-01,28.58047619047619,65.99761904761905
2001-05-01,29.50695652173913,69.63130434782609
2001-06-01,29.14285714285714,63.84619047619048
2001-07-01,27.51454545454545,58.94136363636364
2001-08-01,25.95304347826087,59.33130434782609
2001-09-01,24.473,58.267
2001-10-01,23.23608695652174,56.36782608695652
2001-11-01,23.67636363636364,58.84772727272727
2001-12-01,24.31333333333333,56.5852380952381
2002-01-01,22.82173913043478,58.24304347826087
2002-02-01,24.3665,59.116
2002-03-01,28.89952380952381,64.07047619047619
2002-04-01,29.35772727272727,65.33681818181817
2002-05-01,28.33695652173913,61.4604347826087
2002-06-01,28.42,58.5555
2002-07-01,28.5995652173913,56.47739130434783
2002-08-01,27.87863636363636,54.36409090909091
2002-09-01,32.00904761904762,60.66619047619048
2002-10-01,33.26391304347826,65.73086956521739
2002-11-01,37.90619047619048,69.86809523809524
2002-12-01,38.03727272727273,63.65590909090909
2003-01-01,41.05391304347826,65.38347826086957
2003-02-01,40.6665,66.4085
2003-03-01,37.1747619047619,61.74809523809524
2003-04-01,37.42772727272727,64.69227272727272
2003-05-01,37.74818181818182,66.09681818181818
2003-06-01,34.05380952380952,61.04666666666667
2003-07-01,35.34695652173913,62.95130434782609
2003-08-01,36.25666666666667,63.89142857142857
2003-09-01,37.30863636363636,66.41045454545456
2003-10-01,35.88434782608696,64.28347826086957
2003-11-01,34.1085,62.2775
2003-12-01,35.96478260869565,64.88434782608697
2004-01-01,39.51045454545455,72.02863636363637
2004-02-01,37.077,76.2255
2004-03-01,36.69565217391304,78.05913043478262
2004-04-01,36.41227272727273,75.53772727272727
2004-05-01,36.69285714285714,77.44
2004-06-01,39.87363636363636,82.21454545454544
2004-07-01,35.96181818181818,74.96772727272727
2004-08-01,33.91818181818182,73.60818181818182
2004-09-01,34.24318181818182,80.4659090909091
2004-10-01,31.67190476190476,80.55095238095238
2004-11-01,32.68863636363636,90.26772727272729
2004-12-01,36.9295652173913,104.3882608695652
2005-01-01,36.95809523809524,107.1642857142857
2005-02-01,41.238,120.8325
2005-03-01,49.39739130434783,134.7778260869565
2005-04-01,50.7547619047619,129.5295238095238
2005-05-01,56.19727272727273,128.3977272727273
2005-06-01,60.02318181818182,121.15590909090912
2005-07-01,57.88142857142857,109.9285714285714
2005-08-01,51.97391304347826,108.20391304347828
2005-09-01,46.87363636363636,99.49090909090908
2005-10-01,47.5947619047619,105.0990476190476
2005-11-01,51.45181818181818,107.74227272727272
2005-12-01,56.39363636363636,105.92454545454548
2006-01-01,63.38863636363636,124.1986363636364
2006-02-01,62.978,119.1215
2006-03-01,59.6,113.6604347826087
2006-04-01,60.506,115.3375
2006-05-01,60.14521739130435,109.6295652173913
2006-06-01,60.23,103.1495454545455
2006-07-01,64.4947619047619,104.997619047619
2006-08-01,73.5895652173913,111.73
2006-09-01,77.09761904761905,109.8266666666667
2006-10-01,75.1659090909091,110.6331818181818
2006-11-01,76.7909090909091,122.2654545454545
2006-12-01,76.96428571428571,128.35619047619053
2007-01-01,79.20652173913042,124.694347826087
2007-02-01,79.0755,122.032
2007-03-01,76.99318181818182,117.0836363636364
2007-04-01,79.51,114.6947619047619
2007-05-01,83.91260869565217,113.32695652173912
2007-06-01,92.68238095238095,119.3280952380952
2007-07-01,92.5118181818182,117.6331818181818
2007-08-01,87.4395652173913,123.1508695652174
2007-09-01,92.7835,128.0435
2007-10-01,90.97478260869563,134.2908695652174
2007-11-01,92.6131818181818,131.0454545454545
2007-12-01,91.9390476190476,138.0428571428571
2008-01-01,98.96565217391304,139.8226086956522
2008-02-01,115.4480952380952,157.2895238095238
2008-03-01,121.7738095238095,149.2204761904762
2008-04-01,111.285,140.7045454545455
2008-05-01,108.8340909090909,142.0436363636364
2008-06-01,111.33714285714288,146.1495238095238
2008-07-01,115.2308695652174,147.3569565217391
2008-08-01,112.67571428571432,146.4280952380952
2008-09-01,105.3777272727273,143.2690909090909
2008-10-01,88.76826086956522,123.5869565217391
2008-11-01,90.764,121.886
2008-12-01,81.89782608695651,118.7921739130435
2009-01-01,82.49863636363636,127.8072727272727
2009-02-01,80.2195,129.4815
2009-03-01,76.30772727272728,128.52
2009-04-01,75.70409090909091,135.0781818181818
2009-05-01,75.57095238095238,150.492380952381
2009-06-01,73.77681818181819,149.7813636363636
2009-07-01,71.67739130434784,140.8978260869565
2009-08-01,72.35142857142857,149.7619047619048
2009-09-01,73.82227272727273,148.51
2009-10-01,73.50681818181818,154.5722727272727
2009-11-01,69.48238095238095,152.2104761904762
2009-12-01,69.6104347826087,157.9439130434783
2010-01-01,69.9395238095238,158.6557142857143
2010-02-01,67.8845,157.8565
2010-03-01,67.24739130434783,164.5026086956522
2010-04-01,71.63636363636364,169.3895454545455
2010-05-01,70.72380952380952,173.3690476190476
2010-06-01,76.92181818181818,190.90318181818176
2010-07-01,85.27318181818183,203.2136363636364
2010-08-01,82.69636363636364,211.59
2010-09-01,81.27818181818182,222.71318181818177
2010-10-01,85.11952380952381,217.4390476190476
2010-11-01,91.9890909090909,233.5127272727273
2010-12-01,94.06260869565216,249.44391304347832
2011-01-01,101.09,263.7657142857143
2011-02-01,109.35,288.3885
2011-03-01,118.1291304347826,292.0673913043478
2011-04-01,117.4,300.4771428571429
2011-05-01,121.9831818181818,291.06590909090914
2011-06-01,117.95409090909088,274.9809090909091
2011-07-01,112.7304761904762,268.0214285714286
2011-08-01,112.0665217391304,270.44043478260875
2011-09-01,106.0572727272727,274.8804545454545
2011-10-01,98.10380952380952,247.82380952380956
2011-11-01,97.24090909090908,245.08727272727276
2011-12-01,98.755,236.2977272727273
2012-01-01,96.71772727272727,237.20681818181816
2012-02-01,101.9809523809524,224.15761904761897
2012-03-01,103.5709090909091,201.2559090909091
2012-04-01,101.7971428571429,191.4485714285714
2012-05-01,107.0886956521739,184.3647826086957
2012-06-01,105.69619047619048,168.6866666666667
2012-07-01,107.0622727272727,190.4459090909091
2012-08-01,106.5208695652174,174.824347826087
2012-09-01,104.95,178.977
2012-10-01,104.46695652173912,173.3173913043478
2012-11-01,97.67181818181818,159.9063636363636
2012-12-01,96.59857142857145,152.707619047619
2013-01-01,99.56217391304348,157.0373913043478
2013-02-01,104.0325,149.459
2013-03-01,106.0709523809524,149.8080952380952
2013-04-01,101.6718181818182,149.7868181818182
2013-05-01,99.17521739130436,147.1860869565217
2013-06-01,90.7855,138.2595
2013-07-01,95.20695652173912,138.3873913043478
2013-08-01,94.0109090909091,135.1540909090909
2013-09-01,87.77666666666667,132.2814285714286
2013-10-01,83.69608695652174,128.6986956521739
2013-11-01,79.70619047619049,122.0180952380952
2013-12-01,87.71818181818182,125.7354545454545
2014-01-01,87.6886956521739,132.5182608695652
2014-02-01,95.8995,173.6435
2014-03-01,105.3690476190476,214.08666666666676
2014-04-01,105.5718181818182,223.4940909090909
2014-05-01,102.985,214.2027272727273
2014-06-01,98.91142857142856,197.8909523809524
2014-07-01,101.7865217391304,196.89521739130436
2014-08-01,100.2542857142857,212.96523809523808
2014-09-01,100.52272727272728,210.5263636363636
2014-10-01,104.6986956521739,225.285652173913
2014-11-01,103.0585,209.376
2014-12-01,98.28652173913044,193.38608695652167
2015-01-01,97.885,189.6263636363636
2015-02-01,98.362,178.8885
2015-03-01,92.16090909090909,160.7359090909091
2015-04-01,92.0409090909091,163.9977272727273
2015-05-01,87.55714285714286,158.4828571428571
2015-06-01,90.245,159.755
2015-07-01,87.12086956521739,154.4465217391304
2015-08-01,85.77666666666667,156.9233333333333
2015-09-01,81.495,146.1468181818182
2015-10-01,82.77909090909091,153.2504545454545
2015-11-01,81.74095238095238,147.9785714285714
2015-12-01,79.27478260869565,148.6121739130435
2016-01-01,74.92571428571429,145.4347619047619
2016-02-01,74.04142857142857,147.6971428571429
2016-03-01,75.6791304347826,157.6313043478261
2016-04-01,80.17714285714285,154.217619047619
2016-05-01,83.93318181818182,155.1945454545455
2016-06-01,85.94045454545456,165.4522727272727
2016-07-01,90.81571428571428,171.7638095238095
2016-08-01,91.78652173913044,167.5413043478261
2016-09-01,96.88272727272728,176.2954545454545
2016-10-01,103.6466666666667,178.9552380952381
2016-11-01,103.71909090909088,184.11545454545447
2016-12-01,101.8545454545455,161.7809090909091
2017-01-01,108.32,168.6127272727273
2017-02-01,106.49,166.351
2017-03-01,106.734347826087,160.1504347826087
2017-04-01,103.7605,155.574
2017-05-01,98.3591304347826,150.0
2017-06-01,101.9290909090909,143.2227272727273
2017-07-01,104.9380952380952,149.8028571428571
2017-08-01,104.5165217391304,149.8773913043478
2017-09-01,99.18428571428572,146.5604761904762
2017-10-01,98.39136363636364,140.7095454545455
2017-11-01,91.32772727272727,140.9040909090909
2017-12-01,87.5647619047619,137.3061904761905
2018-01-01,88.60739130434783,138.8760869565217
2018-02-01,89.2025,136.2835
2018-03-01,88.14090909090909,134.9390909090909
2018-04-01,88.30571428571429,134.3395238095238
2018-05-01,88.7395652173913,135.6095652173913
2018-06-01,86.06952380952382,134.0338095238095
2018-07-01,84.41772727272728,130.5986363636364
2018-08-01,80.7395652173913,125.2108695652174
2018-09-01,76.7,121.18
2018-10-01,85.31826086956522,137.3417391304348
2018-11-01,83.51545454545455,137.1077272727273
2018-12-01,77.53904761904762,127.0585714285714
2019-01-01,78.20086956521739,128.3573913043478
2019-02-01,78.6535,128.454
2019-03-01,76.95761904761905,123.8885714285714
2019-04-01,73.25772727272727,120.9904545454545
2019-05-01,71.11826086956522,120.5491304347826
2019-06-01,73.9925,129.7235
2019-07-01,73.92782608695651,135.4704347826087
2019-08-01,70.81136363636364,126.2795454545455
2019-09-01,70.64428571428572,128.8942857142857
2019-10-01,68.63391304347826,127.0513043478261
2019-11-01,73.27619047619048,140.9814285714286
2019-12-01,73.31045454545455,156.0290909090909
2020-01-01,70.58391304347826,142.9365217391304
2020-02-01,68.0665,135.5005
2020-03-01,67.45681818181818,148.3272727272727
2020-04-01,64.02272727272727,154.6304545454545
2020-05-01,64.53714285714285,149.9161904761905
2020-06-01,64.61681818181818,141.52
2020-07-01,67.68652173913043,146.7808695652174
2020-08-01,72.63857142857142,163.0714285714286
2020-09-01,72.77318181818183,166.5645454545455
2020-10-01,68.35772727272727,152.0568181818182
2020-11-01,72.38238095238096,150.7261904761905
2020-12-01,71.94608695652174,157.9526086956522
2021-01-01,70.81380952380952,160.8195238095238
2021-02-01,73.3715,166.429
2021-03-01,73.8595652173913,167.0508695652174
2021-04-01,74.465,168.6486363636364
2021-05-01,79.68380952380951,186.46285714285716
2021-06-01,84.92727272727274,192.0645454545455
2021-07-01,94.08909090909091,204.50090909090912
2021-08-01,94.88818181818182,216.4345454545455
2021-09-01,104.5895454545455,225.5368181818182
2021-10-01,105.3047619047619,241.07333333333327
2021-11-01,109.4345454545455,258.9781818181818
2021-12-01,112.4647826086957,268.3291304347826
2022-01-01,109.712380952381,271.0814285714286
2022-02-01,109.4265,279.8335
2022-03-01,103.92478260869568,258.9934782608696
2022-04-01,103.96,265.397619047619
2022-05-01,103.155,260.4495454545455
2022-06-01,103.8454545454545,273.7636363636364
2022-07-01,100.4442857142857,255.90666666666672
2022-08-01,109.6891304347826,268.4834782608696
2022-09-01,111.3581818181818,267.49227272727273
2022-10-01,103.0119047619048,240.08238095238096
2022-11-01,92.595,213.71818181818176
2022-12-01,92.435,210.3886363636364
2023-01-01,95.97909090909091,206.76
2023-02-01,103.963,229.506
2023-03-01,106.4873913043478,222.66391304347832
2023-04-01,115.5835,229.9555
2023-05-01,122.5521739130435,220.12130434782608
2023-06-01,132.1254545454545,207.385
2023-07-01,127.5833333333333,193.49428571428567
2023-08-01,124.3565217391304,186.34695652173912
2023-09-01,123.8914285714286,183.5890476190476
2023-10-01,118.835,183.9513636363636
2023-11-01,122.7759090909091,197.43318181818177
2023-12-01,135.3919047619048,210.3104761904762
2024-01-01,148.1252173913043,203.8791304347826
2024-02-01,153.227619047619,208.78333333333327
2024-03-01,165.8395238095238,208.91333333333327
2024-04-01,193.675,239.8663636363636
2024-05-01,186.45739130434777,232.34260869565216
2024-06-01,204.327,248.405
2024-07-01,214.54130434782607,257.09869565217394
2024-08-01,214.69545454545448,261.4377272727273
2024-09-01,242.4619047619048,278.7604761904762
2024-10-01,221.89565217391296,276.7773913043478
2024-11-01,226.13,304.9528571428571
2024-12-01,237.6218181818182,344.1186363636364
2025-01-01,244.9391304347826,353.9334782608696
2025-02-01,263.045,409.5165
2025-03-01,257.6842857142857,404.2104761904762
2025-04-01,246.5490909090909,392.9127272727273
2025-05-01,237.3031818181818,397.5886363636364
2025-06-01,196.21380952380952,363.16238095238094
2025-07-01,167.1678260869565,316.725652173913
2025-08-01,198.8609523809524,365.6857142857143
2025-09-01,210.8413636363636,399.5513636363636
2025-10-01,215.06,403.7926086956522
2025-11-01,214.826,409.679
2025-12-01,190.2381818181818,380.4172727272728
2026-01-01,192.28909090909087,363.91045454545446
2026-02-01,179.5945,321.3525
2026-03-01,176.7640909090909,334.11181818181814
2026-04-01,164.645,331.2227272727273
2026-05-01,166.512380952381,315.0595238095238
2026-06-01,169.3904545454545,307.8263636363636
2026-07-01,185.23045454545448,359.1622727272727
